design,replication,time,busy
A,1,0,0
A,1,1.64,1
A,1,1.95,0
A,1,4.5,1
A,1,4.89,0
A,1,7.17,1
A,1,7.31,0
A,1,10.14,1
A,1,10.3,0
A,1,10.45,1
A,1,12.09,0
A,1,14.31,1
A,1,14.49,0
A,1,15.1,1
A,1,15.4,0
A,1,17.02,1
A,1,17.72,0
A,1,19.37,1
A,1,19.66,0
A,1,20.52,1
A,1,21,0
A,1,25.6,1
A,1,25.79,0
A,1,26.52,1
A,1,26.68,0
A,1,26.99,1
A,1,27.4,0
A,1,28.42,1
A,1,28.42,0
A,1,29.31,1
A,1,29.41,0
A,1,31.06,1
A,1,31.45,0
A,1,32.96,1
A,1,33.26,0
A,1,39.53,1
A,1,39.71,0
A,1,44.09,1
A,1,44.16,0
A,1,46.02,1
A,1,47.19,0
A,1,47.85,1
A,1,48.19,0
A,1,50.92,1
A,1,51.22,0
A,1,53.5,1
A,1,53.59,0
A,1,55.09,1
A,1,55.21,0
A,1,56.93,1
A,1,57.01,0
A,1,60,1
A,1,60.79,0
A,1,60.94,1
A,1,61.11,0
A,1,64.21,1
A,1,65.26,0
A,1,65.56,1
A,1,66.11,0
A,1,69.46,1
A,1,69.52,0
A,1,70.01,1
A,1,70.52,0
A,1,72.78,1
A,1,73.84,0
A,1,74.61,1
A,1,75.13,0
A,1,77.52,1
A,1,77.53,0
A,1,84.05,1
A,1,84.26,0
A,1,90.58,1
A,1,90.93,0
A,1,91.37,1
A,1,91.39,0
A,1,92.28,1
A,1,93.36,0
A,1,96.04,1
A,1,96.63,0
A,1,96.82,1
A,1,97.08,0
A,1,100.24,1
A,1,100.36,0
A,1,102.55,1
A,1,102.63,0
A,1,106.95,1
A,1,107.02,0
A,1,107.05,1
A,1,107.16,0
A,1,108.61,1
A,1,108.61,0
A,1,111.21,1
A,1,111.27,0
A,1,111.82,1
A,1,112.55,0
A,1,113.72,1
A,1,114.27,0
A,1,116.57,1
A,1,116.76,0
A,1,120.32,1
A,1,120.38,0
A,1,121.93,1
A,1,121.98,0
A,1,122.47,1
A,1,122.63,0
A,1,123,1
A,1,123.37,0
A,1,129.78,1
A,1,130.12,0
A,1,131.36,1
A,1,131.59,0
A,1,135.33,1
A,1,135.47,0
A,1,138.36,1
A,1,138.49,0
A,1,140.75,1
A,1,145.38,0
A,1,147.87,1
A,1,148.36,0
A,1,148.48,1
A,1,148.76,0
A,1,152.37,1
A,1,152.76,0
A,1,153.38,1
A,1,153.76,0
A,1,154.04,1
A,1,154.63,0
A,1,158.38,1
A,1,159.02,0
A,1,160.64,1
A,1,160.81,0
A,1,162.72,1
A,1,165.32,0
A,1,166.65,1
A,1,166.7,0
A,1,177.87,1
A,1,178.05,0
A,1,179.33,1
A,1,179.54,0
A,1,183.15,1
A,1,185.68,0
A,1,186.76,1
A,1,187.48,0
A,1,187.85,1
A,1,188,0
A,1,188.24,1
A,1,188.36,0
A,1,189.85,1
A,1,190.6,0
A,1,190.77,1
A,1,190.96,0
A,1,191.72,1
A,1,191.98,0
A,1,193.58,1
A,1,194.17,0
A,1,195.01,1
A,1,195.68,0
A,1,198.48,1
A,1,199.28,0
A,1,212.03,1
A,1,212.11,0
A,1,216.47,1
A,1,216.95,0
A,1,221.58,1
A,1,221.81,0
A,1,223.05,1
A,1,223.14,0
A,1,227.42,1
A,1,227.85,0
A,1,228.28,1
A,1,228.95,0
A,1,233.57,1
A,1,233.72,0
A,1,236.05,1
A,1,236.44,0
A,1,236.55,1
A,1,236.92,0
A,1,237.27,1
A,1,237.73,0
A,1,238.12,1
A,1,238.6,0
A,1,238.92,1
A,1,239.19,0
A,1,239.85,1
A,1,239.91,0
A,1,247.73,1
A,1,248.28,0
A,1,248.33,1
A,1,248.99,0
A,1,254.45,1
A,1,254.81,0
A,1,259.53,1
A,1,259.72,0
A,1,267.06,1
A,1,267.14,0
A,1,267.19,1
A,1,267.57,0
A,1,267.68,1
A,1,267.75,0
A,1,269.14,1
A,1,269.22,0
A,1,271.68,1
A,1,272.1,0
A,1,272.38,1
A,1,272.53,0
A,1,275.26,1
A,1,275.31,0
A,1,276.89,1
A,1,276.91,0
A,1,277.92,1
A,1,278.08,0
A,1,278.14,1
A,1,279.32,0
A,1,280.84,1
A,1,281.46,0
A,1,288.56,1
A,1,290.38,0
A,1,291.78,1
A,1,291.99,0
A,1,296.55,1
A,1,297.46,0
A,1,303.42,1
A,1,303.45,0
A,1,306.94,1
A,1,307.24,0
A,1,307.7,1
A,1,307.79,0
A,1,311.56,1
A,1,311.71,0
A,1,313.2,1
A,1,313.23,0
A,1,313.24,1
A,1,313.29,0
A,1,313.35,1
A,1,313.36,0
A,1,314.49,1
A,1,314.77,0
A,1,316.62,1
A,1,316.67,0
A,1,317.03,1
A,1,317.65,0
A,1,318.11,1
A,1,318.39,0
A,1,322.79,1
A,1,323.12,0
A,1,328.86,1
A,1,331.45,0
A,1,333.5,1
A,1,333.52,0
A,1,334.65,1
A,1,334.67,0
A,1,339.12,1
A,1,339.15,0
A,1,339.26,1
A,1,339.27,0
A,1,339.62,1
A,1,340.23,0
A,1,343.7,1
A,1,344,0
A,1,349.62,1
A,1,349.76,0
A,1,349.95,1
A,1,350.2,0
A,1,353.58,1
A,1,353.79,0
A,1,357.16,1
A,1,357.2,0
A,1,357.89,1
A,1,358.77,0
A,1,360.47,1
A,1,360.69,0
A,1,363.41,1
A,1,363.54,0
A,1,367.23,1
A,1,367.37,0
A,1,367.88,1
A,1,368.41,0
A,1,368.87,1
A,1,369.04,0
A,1,369.59,1
A,1,370.54,0
A,1,376.2,1
A,1,376.4,0
A,1,383.05,1
A,1,383.28,0
A,1,383.58,1
A,1,383.7,0
A,1,384.66,1
A,1,385.17,0
A,1,385.25,1
A,1,385.26,0
A,1,387.06,1
A,1,387.11,0
A,1,390.76,1
A,1,391.39,0
A,1,392.59,1
A,1,393.23,0
A,1,394.5,1
A,1,395.06,0
A,1,396.23,1
A,1,396.5,0
A,1,398.33,1
A,1,398.72,0
A,1,399.52,1
A,1,400.68,0
A,1,403.78,1
A,1,403.84,0
A,1,405,1
A,1,406.18,0
A,1,407.32,1
A,1,407.39,0
A,1,410.11,1
A,1,410.16,0
A,1,413.73,1
A,1,413.83,0
A,1,417.24,1
A,1,417.55,0
A,1,417.81,1
A,1,418.06,0
A,1,424.32,1
A,1,425.85,0
A,1,429.24,1
A,1,429.3,0
A,1,429.57,1
A,1,429.8,0
A,1,430.79,1
A,1,431.02,0
A,1,431.45,1
A,1,431.68,0
A,1,432.51,1
A,1,432.78,0
A,1,433.05,1
A,1,433.18,0
A,1,433.41,1
A,1,433.89,0
A,1,435.49,1
A,1,436.57,0
A,1,438.6,1
A,1,440.94,0
A,1,441.66,1
A,1,442.17,0
A,1,442.99,1
A,1,443.18,0
A,1,444.02,1
A,1,444.16,0
A,1,444.25,1
A,1,444.27,0
A,1,445.22,1
A,1,446,0
A,1,447.71,1
A,1,447.95,0
A,1,448.26,1
A,1,448.5,0
A,1,448.71,1
A,1,448.89,0
A,1,449.84,1
A,1,451.57,0
A,1,452.53,1
A,1,452.75,0
A,1,455.5,1
A,1,455.55,0
A,1,464.85,1
A,1,464.93,0
A,1,466.32,1
A,1,467.05,0
A,1,470.13,1
A,1,470.29,0
A,1,470.31,1
A,1,470.38,0
A,1,475.13,1
A,1,476.05,0
A,1,479.04,1
A,1,479.07,0
A,1,479.8,1
A,2,0,0
A,2,0.67,1
A,2,1.02,0
A,2,1.25,1
A,2,1.27,0
A,2,3.02,1
A,2,3.27,0
A,2,3.77,1
A,2,4.08,0
A,2,4.21,1
A,2,4.3,0
A,2,4.67,1
A,2,4.86,0
A,2,5.75,1
A,2,6.12,0
A,2,8.05,1
A,2,9.15,0
A,2,14.31,1
A,2,14.59,0
A,2,14.82,1
A,2,15.52,0
A,2,18.9,1
A,2,19.01,0
A,2,23.75,1
A,2,23.93,0
A,2,24.09,1
A,2,24.26,0
A,2,24.59,1
A,2,25.34,0
A,2,28.21,1
A,2,28.58,0
A,2,28.67,1
A,2,28.78,0
A,2,29.62,1
A,2,29.94,0
A,2,31.19,1
A,2,31.21,0
A,2,36.52,1
A,2,36.52,0
A,2,36.81,1
A,2,36.9,0
A,2,38.22,1
A,2,39.01,0
A,2,46.7,1
A,2,47.48,0
A,2,48.2,1
A,2,48.33,0
A,2,48.49,1
A,2,49.52,0
A,2,50.08,1
A,2,51.16,0
A,2,52.66,1
A,2,56.01,0
A,2,56.08,1
A,2,57.12,0
A,2,58.34,1
A,2,59.26,0
A,2,60.63,1
A,2,60.8,0
A,2,66.03,1
A,2,66.11,0
A,2,69.15,1
A,2,69.45,0
A,2,73.69,1
A,2,73.81,0
A,2,75,1
A,2,75.39,0
A,2,75.56,1
A,2,75.79,0
A,2,78.13,1
A,2,78.3,0
A,2,81.32,1
A,2,81.76,0
A,2,84.39,1
A,2,85.08,0
A,2,85.26,1
A,2,86.31,0
A,2,91.68,1
A,2,91.69,0
A,2,92.99,1
A,2,93.19,0
A,2,93.49,1
A,2,95.28,0
A,2,96.98,1
A,2,97.15,0
A,2,98,1
A,2,98.52,0
A,2,98.6,1
A,2,98.69,0
A,2,100.1,1
A,2,100.43,0
A,2,100.86,1
A,2,101.74,0
A,2,101.93,1
A,2,101.97,0
A,2,102.86,1
A,2,103.06,0
A,2,103.68,1
A,2,103.97,0
A,2,108.99,1
A,2,109.07,0
A,2,110.05,1
A,2,110.12,0
A,2,115.64,1
A,2,116.53,0
A,2,119.37,1
A,2,120.38,0
A,2,121.01,1
A,2,121.49,0
A,2,121.6,1
A,2,124.55,0
A,2,130.08,1
A,2,130.15,0
A,2,131.47,1
A,2,131.59,0
A,2,132.7,1
A,2,133.33,0
A,2,134.73,1
A,2,135.41,0
A,2,137.03,1
A,2,137.61,0
A,2,138.66,1
A,2,138.74,0
A,2,142.41,1
A,2,142.53,0
A,2,143.13,1
A,2,143.49,0
A,2,148.75,1
A,2,148.85,0
A,2,152.99,1
A,2,153.08,0
A,2,155.03,1
A,2,158.26,0
A,2,160.44,1
A,2,160.68,0
A,2,162.04,1
A,2,162.19,0
A,2,162.93,1
A,2,163.57,0
A,2,171.36,1
A,2,171.47,0
A,2,172.81,1
A,2,173.42,0
A,2,176.77,1
A,2,177.63,0
A,2,177.91,1
A,2,178.47,0
A,2,182.28,1
A,2,182.48,0
A,2,183.45,1
A,2,183.95,0
A,2,184.02,1
A,2,184.19,0
A,2,185.57,1
A,2,186.15,0
A,2,186.73,1
A,2,187.81,0
A,2,190.43,1
A,2,191.23,0
A,2,193.87,1
A,2,194.62,0
A,2,196.93,1
A,2,197.07,0
A,2,197.7,1
A,2,199.7,0
A,2,199.79,1
A,2,200.4,0
A,2,205.72,1
A,2,205.86,0
A,2,208.86,1
A,2,209.35,0
A,2,210.78,1
A,2,212.01,0
A,2,212.11,1
A,2,212.24,0
A,2,215.13,1
A,2,215.4,0
A,2,216.88,1
A,2,216.95,0
A,2,218.66,1
A,2,219.71,0
A,2,219.74,1
A,2,220.01,0
A,2,220.85,1
A,2,220.96,0
A,2,224.36,1
A,2,224.52,0
A,2,225.07,1
A,2,225.09,0
A,2,225.56,1
A,2,225.69,0
A,2,229.79,1
A,2,230.04,0
A,2,230.81,1
A,2,230.93,0
A,2,231.72,1
A,2,231.99,0
A,2,234.36,1
A,2,235.87,0
A,2,235.88,1
A,2,235.95,0
A,2,238.16,1
A,2,238.7,0
A,2,239.93,1
A,2,240.32,0
A,2,241.56,1
A,2,242,0
A,2,244.57,1
A,2,244.71,0
A,2,250.43,1
A,2,250.65,0
A,2,250.98,1
A,2,251.21,0
A,2,251.33,1
A,2,251.33,0
A,2,251.54,1
A,2,251.57,0
A,2,273.91,1
A,2,274.35,0
A,2,275.01,1
A,2,276.61,0
A,2,277.09,1
A,2,278.78,0
A,2,281.55,1
A,2,282.69,0
A,2,283.66,1
A,2,284.33,0
A,2,285.87,1
A,2,286.03,0
A,2,286.85,1
A,2,286.91,0
A,2,288.6,1
A,2,288.86,0
A,2,289.22,1
A,2,289.36,0
A,2,290.34,1
A,2,290.46,0
A,2,292.08,1
A,2,292.22,0
A,2,292.81,1
A,2,292.85,0
A,2,294.6,1
A,2,295.28,0
A,2,299.02,1
A,2,300.69,0
A,2,301.34,1
A,2,301.59,0
A,2,302.44,1
A,2,303.8,0
A,2,308.35,1
A,2,309.52,0
A,2,311.99,1
A,2,312.11,0
A,2,312.14,1
A,2,312.64,0
A,2,313.55,1
A,2,313.88,0
A,2,315.2,1
A,2,315.73,0
A,2,318.73,1
A,2,322.09,0
A,2,323.48,1
A,2,324.48,0
A,2,328.05,1
A,2,328.69,0
A,2,332.34,1
A,2,332.4,0
A,2,333.3,1
A,2,333.36,0
A,2,335.7,1
A,2,336.12,0
A,2,337.51,1
A,2,338.4,0
A,2,341.29,1
A,2,341.4,0
A,2,347,1
A,2,348.25,0
A,2,356.42,1
A,2,356.67,0
A,2,357.05,1
A,2,357.19,0
A,2,357.91,1
A,2,358.32,0
A,2,360.25,1
A,2,361.23,0
A,2,363.3,1
A,2,363.31,0
A,2,366.63,1
A,2,367.29,0
A,2,368.69,1
A,2,369,0
A,2,371.08,1
A,2,372.28,0
A,2,372.87,1
A,2,372.96,0
A,2,373.58,1
A,2,373.69,0
A,2,373.72,1
A,2,373.73,0
A,2,374.09,1
A,2,375.27,0
A,2,379.2,1
A,2,379.67,0
A,2,381.02,1
A,2,381.21,0
A,2,381.56,1
A,2,381.88,0
A,2,382.41,1
A,2,382.45,0
A,2,383.65,1
A,2,383.73,0
A,2,388.16,1
A,2,388.25,0
A,2,393.24,1
A,2,394.24,0
A,2,394.68,1
A,2,395.15,0
A,2,411.63,1
A,2,411.66,0
A,2,412.07,1
A,2,412.17,0
A,2,412.72,1
A,2,413.12,0
A,2,415.94,1
A,2,417.3,0
A,2,417.93,1
A,2,418.05,0
A,2,419.49,1
A,2,419.96,0
A,2,421.9,1
A,2,422.03,0
A,2,422.7,1
A,2,423.01,0
A,2,423.59,1
A,2,423.98,0
A,2,424.18,1
A,2,424.36,0
A,2,426.97,1
A,2,427.24,0
A,2,429.82,1
A,2,430.16,0
A,2,431.88,1
A,2,432.03,0
A,2,433.78,1
A,2,434.04,0
A,2,434.15,1
A,2,434.23,0
A,2,435.17,1
A,2,435.23,0
A,2,435.52,1
A,2,435.95,0
A,2,440.05,1
A,2,440.67,0
A,2,440.73,1
A,2,440.86,0
A,2,443.08,1
A,2,443.64,0
A,2,446.1,1
A,2,446.54,0
A,2,454.2,1
A,2,455.52,0
A,2,456.77,1
A,2,456.83,0
A,2,457.38,1
A,2,457.71,0
A,2,462.82,1
A,2,463.71,0
A,2,463.79,1
A,2,463.9,0
A,2,465.83,1
A,2,466.27,0
A,2,466.55,1
A,2,467.03,0
A,2,469.35,1
A,2,469.63,0
A,2,470.01,1
A,2,470.08,0
A,2,470.96,1
A,2,471.31,0
A,2,471.73,1
A,2,471.92,0
A,2,473.17,1
A,2,473.5,0
A,2,473.55,1
A,2,473.81,0
A,2,475.42,1
A,2,475.7,0
A,2,477.28,1
A,2,477.46,0
A,2,478.08,1
A,2,478.83,0
A,2,479.29,1
A,2,479.43,0
A,3,0,0
A,3,6.22,1
A,3,6.26,0
A,3,6.51,1
A,3,6.6,0
A,3,8.31,1
A,3,8.59,0
A,3,9.55,1
A,3,10.11,0
A,3,10.89,1
A,3,11.68,0
A,3,15.73,1
A,3,16.45,0
A,3,19.46,1
A,3,19.96,0
A,3,20.09,1
A,3,20.96,0
A,3,21.54,1
A,3,21.59,0
A,3,25.31,1
A,3,25.65,0
A,3,35.07,1
A,3,35.13,0
A,3,37.48,1
A,3,37.79,0
A,3,39.06,1
A,3,39.06,0
A,3,42.08,1
A,3,42.13,0
A,3,46.88,1
A,3,46.97,0
A,3,52.08,1
A,3,52.38,0
A,3,52.92,1
A,3,53.07,0
A,3,53.25,1
A,3,53.28,0
A,3,53.66,1
A,3,54.06,0
A,3,55.67,1
A,3,55.73,0
A,3,56.1,1
A,3,57.08,0
A,3,60.15,1
A,3,60.41,0
A,3,68.81,1
A,3,69.08,0
A,3,70.31,1
A,3,71.42,0
A,3,72.13,1
A,3,72.25,0
A,3,73.81,1
A,3,74.24,0
A,3,76.43,1
A,3,76.91,0
A,3,77.54,1
A,3,77.77,0
A,3,77.88,1
A,3,79.19,0
A,3,81.58,1
A,3,81.86,0
A,3,88.02,1
A,3,88.43,0
A,3,88.75,1
A,3,88.85,0
A,3,94.47,1
A,3,94.49,0
A,3,96.01,1
A,3,96.02,0
A,3,96.43,1
A,3,96.45,0
A,3,96.69,1
A,3,96.83,0
A,3,97.34,1
A,3,97.81,0
A,3,100.74,1
A,3,100.83,0
A,3,101.94,1
A,3,102.32,0
A,3,104.06,1
A,3,105,0
A,3,105.71,1
A,3,106.37,0
A,3,108.72,1
A,3,108.74,0
A,3,109.46,1
A,3,110.94,0
A,3,111.78,1
A,3,111.98,0
A,3,112.81,1
A,3,112.83,0
A,3,113.57,1
A,3,113.77,0
A,3,114.62,1
A,3,114.93,0
A,3,116.87,1
A,3,116.97,0
A,3,119.4,1
A,3,119.43,0
A,3,120.07,1
A,3,120.22,0
A,3,120.28,1
A,3,120.3,0
A,3,120.93,1
A,3,121.03,0
A,3,123.79,1
A,3,123.93,0
A,3,132.19,1
A,3,133.2,0
A,3,139.2,1
A,3,139.67,0
A,3,139.69,1
A,3,139.71,0
A,3,139.79,1
A,3,139.89,0
A,3,140.47,1
A,3,140.54,0
A,3,142.93,1
A,3,143,0
A,3,147.78,1
A,3,148.33,0
A,3,154.57,1
A,3,154.84,0
A,3,156.48,1
A,3,156.99,0
A,3,161.72,1
A,3,162.42,0
A,3,164.18,1
A,3,164.28,0
A,3,164.43,1
A,3,164.78,0
A,3,165.69,1
A,3,166.57,0
A,3,166.62,1
A,3,169.81,0
A,3,171.44,1
A,3,171.51,0
A,3,175.28,1
A,3,175.51,0
A,3,187.51,1
A,3,187.56,0
A,3,192.02,1
A,3,192.28,0
A,3,193.84,1
A,3,193.94,0
A,3,194.21,1
A,3,195.65,0
A,3,196.52,1
A,3,196.74,0
A,3,200.6,1
A,3,201.9,0
A,3,205.94,1
A,3,206.42,0
A,3,206.56,1
A,3,207.2,0
A,3,207.95,1
A,3,208.22,0
A,3,210.73,1
A,3,211.59,0
A,3,213.45,1
A,3,213.49,0
A,3,215.89,1
A,3,216.34,0
A,3,216.77,1
A,3,216.96,0
A,3,217.04,1
A,3,217.28,0
A,3,217.45,1
A,3,217.94,0
A,3,218.31,1
A,3,218.48,0
A,3,219.45,1
A,3,220.26,0
A,3,223.87,1
A,3,224.1,0
A,3,224.72,1
A,3,225.04,0
A,3,225.57,1
A,3,225.69,0
A,3,226.67,1
A,3,226.74,0
A,3,228.4,1
A,3,228.78,0
A,3,230.49,1
A,3,230.62,0
A,3,230.87,1
A,3,231.27,0
A,3,232.68,1
A,3,233.15,0
A,3,233.32,1
A,3,233.45,0
A,3,238.76,1
A,3,239.38,0
A,3,240.62,1
A,3,240.79,0
A,3,246.29,1
A,3,246.85,0
A,3,246.95,1
A,3,247.3,0
A,3,248.24,1
A,3,248.39,0
A,3,248.76,1
A,3,249.09,0
A,3,249.81,1
A,3,250.42,0
A,3,251.2,1
A,3,251.33,0
A,3,251.64,1
A,3,251.7,0
A,3,252.75,1
A,3,252.86,0
A,3,254.2,1
A,3,254.29,0
A,3,254.84,1
A,3,254.85,0
A,3,256.05,1
A,3,256.1,0
A,3,256.73,1
A,3,257.89,0
A,3,258.62,1
A,3,258.68,0
A,3,265.03,1
A,3,265.19,0
A,3,267.41,1
A,3,268.74,0
A,3,269.33,1
A,3,271.19,0
A,3,275.14,1
A,3,275.42,0
A,3,276.13,1
A,3,276.31,0
A,3,279.95,1
A,3,281.42,0
A,3,283.33,1
A,3,283.88,0
A,3,284.23,1
A,3,284.45,0
A,3,284.87,1
A,3,284.99,0
A,3,286.7,1
A,3,286.72,0
A,3,289.17,1
A,3,289.53,0
A,3,289.7,1
A,3,289.91,0
A,3,290.61,1
A,3,290.72,0
A,3,292.94,1
A,3,293.23,0
A,3,293.44,1
A,3,293.61,0
A,3,293.64,1
A,3,293.93,0
A,3,295.43,1
A,3,295.51,0
A,3,296.64,1
A,3,296.98,0
A,3,300.11,1
A,3,300.12,0
A,3,300.74,1
A,3,301.3,0
A,3,303.34,1
A,3,304.04,0
A,3,304.67,1
A,3,304.87,0
A,3,305.75,1
A,3,305.81,0
A,3,310.49,1
A,3,310.53,0
A,3,311.21,1
A,3,311.79,0
A,3,311.86,1
A,3,311.92,0
A,3,312.43,1
A,3,312.64,0
A,3,313.33,1
A,3,313.68,0
A,3,315.62,1
A,3,315.72,0
A,3,317.25,1
A,3,317.37,0
A,3,317.89,1
A,3,318.18,0
A,3,318.69,1
A,3,319.58,0
A,3,323.87,1
A,3,324.15,0
A,3,326.42,1
A,3,327.5,0
A,3,329.9,1
A,3,332.06,0
A,3,332.91,1
A,3,333.18,0
A,3,334.08,1
A,3,335.71,0
A,3,338.57,1
A,3,339.13,0
A,3,339.81,1
A,3,339.82,0
A,3,344.25,1
A,3,344.3,0
A,3,345.51,1
A,3,345.69,0
A,3,347.97,1
A,3,348.08,0
A,3,349.75,1
A,3,350.65,0
A,3,351.88,1
A,3,352.13,0
A,3,352.56,1
A,3,353.22,0
A,3,355.48,1
A,3,355.6,0
A,3,356.93,1
A,3,358.31,0
A,3,363.39,1
A,3,363.41,0
A,3,363.47,1
A,3,363.93,0
A,3,364.89,1
A,3,366.83,0
A,3,367.85,1
A,3,367.9,0
A,3,368.01,1
A,3,368.09,0
A,3,370.89,1
A,3,371.1,0
A,3,372.38,1
A,3,372.58,0
A,3,372.98,1
A,3,373.56,0
A,3,377.77,1
A,3,379.03,0
A,3,381.03,1
A,3,381.51,0
A,3,383.62,1
A,3,383.84,0
A,3,384.26,1
A,3,384.4,0
A,3,386.78,1
A,3,386.92,0
A,3,388.67,1
A,3,390.33,0
A,3,392.64,1
A,3,392.82,0
A,3,399.9,1
A,3,400.18,0
A,3,402.46,1
A,3,404.31,0
A,3,407.56,1
A,3,408.63,0
A,3,408.64,1
A,3,408.64,0
A,3,411.7,1
A,3,412.26,0
A,3,413.78,1
A,3,414.23,0
A,3,415.23,1
A,3,415.94,0
A,3,416.31,1
A,3,416.6,0
A,3,417.46,1
A,3,417.57,0
A,3,417.81,1
A,3,418.35,0
A,3,418.74,1
A,3,419.15,0
A,3,419.46,1
A,3,420.56,0
A,3,421.88,1
A,3,421.91,0
A,3,423.01,1
A,3,423.88,0
A,3,424.05,1
A,3,425.12,0
A,3,431.18,1
A,3,432.73,0
A,3,433.47,1
A,3,433.9,0
A,3,434.94,1
A,3,435.61,0
A,3,436.76,1
A,3,436.88,0
A,3,438.15,1
A,3,439.81,0
A,3,440.22,1
A,3,440.62,0
A,3,440.66,1
A,3,440.76,0
A,3,442.96,1
A,3,443.3,0
A,3,445.72,1
A,3,445.72,0
A,3,446.56,1
A,3,446.63,0
A,3,447.19,1
A,3,448.27,0
A,3,448.61,1
A,3,448.67,0
A,3,450.18,1
A,3,451.56,0
A,3,452.5,1
A,3,452.66,0
A,3,453.45,1
A,3,453.66,0
A,3,454.95,1
A,3,455.29,0
A,3,456.56,1
A,3,456.69,0
A,3,456.75,1
A,3,456.92,0
A,3,457.5,1
A,3,458.09,0
A,3,459.23,1
A,3,459.63,0
A,3,464.97,1
A,3,465.14,0
A,3,466.44,1
A,3,466.52,0
A,3,474.25,1
A,3,475.31,0
A,3,478.52,1
A,3,478.9,0
A,3,479.01,1
A,3,479.09,0
A,4,0,0
A,4,0.46,1
A,4,0.63,0
A,4,7.84,1
A,4,8.19,0
A,4,8.27,1
A,4,8.31,0
A,4,8.42,1
A,4,8.68,0
A,4,9.55,1
A,4,10.56,0
A,4,10.79,1
A,4,11.26,0
A,4,11.69,1
A,4,12.62,0
A,4,15.84,1
A,4,16.95,0
A,4,17.82,1
A,4,18.16,0
A,4,19.06,1
A,4,20.24,0
A,4,20.81,1
A,4,21.8,0
A,4,23.18,1
A,4,23.42,0
A,4,23.64,1
A,4,24,0
A,4,25.9,1
A,4,27.26,0
A,4,27.97,1
A,4,28.51,0
A,4,28.99,1
A,4,29.33,0
A,4,31.6,1
A,4,31.79,0
A,4,31.84,1
A,4,32.83,0
A,4,32.87,1
A,4,33.47,0
A,4,35.44,1
A,4,35.84,0
A,4,36.46,1
A,4,36.49,0
A,4,39.44,1
A,4,39.81,0
A,4,44.95,1
A,4,45.02,0
A,4,45.32,1
A,4,45.47,0
A,4,46.16,1
A,4,46.21,0
A,4,49.08,1
A,4,49.41,0
A,4,52.98,1
A,4,53.19,0
A,4,53.72,1
A,4,54.07,0
A,4,55,1
A,4,55.15,0
A,4,59.83,1
A,4,59.92,0
A,4,62.54,1
A,4,62.6,0
A,4,65.35,1
A,4,65.78,0
A,4,76.34,1
A,4,78.04,0
A,4,79.58,1
A,4,79.72,0
A,4,79.79,1
A,4,80.06,0
A,4,84.7,1
A,4,86.91,0
A,4,90.33,1
A,4,90.58,0
A,4,101.26,1
A,4,102.37,0
A,4,102.53,1
A,4,103.33,0
A,4,107.43,1
A,4,109.05,0
A,4,112.52,1
A,4,112.56,0
A,4,115.26,1
A,4,115.71,0
A,4,117.27,1
A,4,117.77,0
A,4,122.23,1
A,4,122.39,0
A,4,123.43,1
A,4,123.52,0
A,4,123.88,1
A,4,124.06,0
A,4,124.08,1
A,4,124.89,0
A,4,129.4,1
A,4,130.01,0
A,4,130.78,1
A,4,131.16,0
A,4,132.02,1
A,4,132.09,0
A,4,134.49,1
A,4,135.36,0
A,4,137.55,1
A,4,137.87,0
A,4,137.91,1
A,4,138.15,0
A,4,141.54,1
A,4,141.6,0
A,4,145.57,1
A,4,146.02,0
A,4,146.07,1
A,4,146.76,0
A,4,147.46,1
A,4,147.72,0
A,4,150.22,1
A,4,150.6,0
A,4,154.52,1
A,4,154.71,0
A,4,156.7,1
A,4,156.71,0
A,4,160.44,1
A,4,160.47,0
A,4,162.77,1
A,4,163,0
A,4,163.79,1
A,4,163.79,0
A,4,166.84,1
A,4,166.92,0
A,4,171.47,1
A,4,171.98,0
A,4,174.14,1
A,4,174.17,0
A,4,175.05,1
A,4,175.68,0
A,4,175.75,1
A,4,178.66,0
A,4,181.87,1
A,4,182.21,0
A,4,183.15,1
A,4,184.12,0
A,4,185.85,1
A,4,186.03,0
A,4,189.33,1
A,4,189.74,0
A,4,189.98,1
A,4,190.28,0
A,4,190.42,1
A,4,190.61,0
A,4,191.34,1
A,4,191.77,0
A,4,191.96,1
A,4,192.02,0
A,4,192.11,1
A,4,192.24,0
A,4,199.84,1
A,4,200.07,0
A,4,201.1,1
A,4,201.24,0
A,4,202.31,1
A,4,203.58,0
A,4,210.51,1
A,4,210.74,0
A,4,211.51,1
A,4,211.62,0
A,4,215.82,1
A,4,215.98,0
A,4,219,1
A,4,219.48,0
A,4,219.98,1
A,4,220.32,0
A,4,221.53,1
A,4,221.74,0
A,4,227.45,1
A,4,227.81,0
A,4,228.92,1
A,4,229.78,0
A,4,233.24,1
A,4,234.46,0
A,4,235.44,1
A,4,235.56,0
A,4,240.63,1
A,4,241.24,0
A,4,242.6,1
A,4,242.78,0
A,4,253.24,1
A,4,253.69,0
A,4,258.46,1
A,4,258.46,0
A,4,261.12,1
A,4,262.89,0
A,4,263.85,1
A,4,263.89,0
A,4,267.89,1
A,4,270.41,0
A,4,271.89,1
A,4,272.27,0
A,4,273.77,1
A,4,274.36,0
A,4,276.95,1
A,4,278.36,0
A,4,281.96,1
A,4,282.03,0
A,4,285.56,1
A,4,285.83,0
A,4,287.65,1
A,4,287.83,0
A,4,290.13,1
A,4,290.3,0
A,4,291.29,1
A,4,291.42,0
A,4,292.03,1
A,4,292.07,0
A,4,292.14,1
A,4,292.78,0
A,4,292.93,1
A,4,293.46,0
A,4,298.25,1
A,4,298.46,0
A,4,301.29,1
A,4,301.68,0
A,4,303.61,1
A,4,304.31,0
A,4,304.45,1
A,4,304.85,0
A,4,313.87,1
A,4,314.66,0
A,4,317.02,1
A,4,317.05,0
A,4,317.97,1
A,4,318.68,0
A,4,320.33,1
A,4,320.47,0
A,4,321.07,1
A,4,322.62,0
A,4,329.32,1
A,4,330.39,0
A,4,330.56,1
A,4,331.68,0
A,4,332.9,1
A,4,332.91,0
A,4,334.13,1
A,4,334.45,0
A,4,335.77,1
A,4,335.77,0
A,4,336.28,1
A,4,336.45,0
A,4,336.8,1
A,4,336.85,0
A,4,336.98,1
A,4,338.25,0
A,4,341.74,1
A,4,343.05,0
A,4,344.9,1
A,4,345.02,0
A,4,346.25,1
A,4,346.77,0
A,4,347.9,1
A,4,348.48,0
A,4,348.55,1
A,4,349.04,0
A,4,351.67,1
A,4,351.73,0
A,4,364.9,1
A,4,365.16,0
A,4,366,1
A,4,366.13,0
A,4,367.89,1
A,4,368.3,0
A,4,369.02,1
A,4,369.05,0
A,4,372.7,1
A,4,373.06,0
A,4,375.68,1
A,4,376.62,0
A,4,377,1
A,4,377.26,0
A,4,382.21,1
A,4,382.79,0
A,4,383.12,1
A,4,386.46,0
A,4,390.45,1
A,4,391.48,0
A,4,391.57,1
A,4,391.58,0
A,4,393.68,1
A,4,394.48,0
A,4,402.25,1
A,4,402.74,0
A,4,402.8,1
A,4,402.9,0
A,4,403.68,1
A,4,404.22,0
A,4,405.98,1
A,4,408.58,0
A,4,412.32,1
A,4,412.6,0
A,4,420.32,1
A,4,420.35,0
A,4,422.25,1
A,4,422.53,0
A,4,424.59,1
A,4,424.98,0
A,4,425.71,1
A,4,425.73,0
A,4,436.57,1
A,4,436.75,0
A,4,436.8,1
A,4,437.65,0
A,4,438.15,1
A,4,438.25,0
A,4,439.96,1
A,4,440.53,0
A,4,440.62,1
A,4,440.64,0
A,4,442.84,1
A,4,443.06,0
A,4,444.79,1
A,4,444.89,0
A,4,445.31,1
A,4,445.84,0
A,4,447.73,1
A,4,448.56,0
A,4,451.56,1
A,4,452.24,0
A,4,453.03,1
A,4,453.15,0
A,4,456.1,1
A,4,456.73,0
A,4,457.24,1
A,4,457.61,0
A,4,458.66,1
A,4,458.84,0
A,4,460.11,1
A,4,460.23,0
A,4,461.34,1
A,4,462.36,0
A,4,462.81,1
A,4,463.17,0
A,4,466.54,1
A,4,466.55,0
A,4,473.67,1
A,4,473.72,0
A,4,477.61,1
A,4,477.64,0
A,4,477.82,1
A,4,478.22,0
A,4,478.9,1
A,4,478.97,0
A,5,0,0
A,5,0.65,1
A,5,1.48,0
A,5,2.44,1
A,5,2.58,0
A,5,3.58,1
A,5,4.11,0
A,5,5.18,1
A,5,5.33,0
A,5,6.52,1
A,5,6.61,0
A,5,7.26,1
A,5,9.45,0
A,5,9.52,1
A,5,9.58,0
A,5,11.28,1
A,5,11.32,0
A,5,12.87,1
A,5,12.91,0
A,5,14.36,1
A,5,14.53,0
A,5,14.83,1
A,5,15.66,0
A,5,22.22,1
A,5,22.36,0
A,5,24.4,1
A,5,24.51,0
A,5,29.33,1
A,5,29.37,0
A,5,31.89,1
A,5,32.71,0
A,5,38.24,1
A,5,38.31,0
A,5,39.25,1
A,5,39.53,0
A,5,40.32,1
A,5,40.62,0
A,5,41.26,1
A,5,41.51,0
A,5,41.57,1
A,5,42.03,0
A,5,42.31,1
A,5,42.71,0
A,5,43.49,1
A,5,43.68,0
A,5,44.38,1
A,5,44.56,0
A,5,46.36,1
A,5,46.75,0
A,5,54.68,1
A,5,54.68,0
A,5,57.6,1
A,5,59.15,0
A,5,60.96,1
A,5,62.06,0
A,5,64.51,1
A,5,64.77,0
A,5,71.52,1
A,5,72.18,0
A,5,74.59,1
A,5,76.22,0
A,5,77.13,1
A,5,78.29,0
A,5,86.33,1
A,5,86.36,0
A,5,94.42,1
A,5,94.89,0
A,5,99.03,1
A,5,99.25,0
A,5,101.08,1
A,5,101.41,0
A,5,101.56,1
A,5,101.85,0
A,5,102.13,1
A,5,102.81,0
A,5,103.17,1
A,5,103.66,0
A,5,107.97,1
A,5,108.01,0
A,5,109.23,1
A,5,109.51,0
A,5,112.55,1
A,5,112.83,0
A,5,115.86,1
A,5,116.53,0
A,5,120.68,1
A,5,121.26,0
A,5,121.65,1
A,5,121.77,0
A,5,122.75,1
A,5,123.06,0
A,5,124.63,1
A,5,127.75,0
A,5,127.92,1
A,5,128.88,0
A,5,130.23,1
A,5,130.43,0
A,5,130.89,1
A,5,132,0
A,5,133.94,1
A,5,133.96,0
A,5,134.66,1
A,5,134.9,0
A,5,135.79,1
A,5,136.59,0
A,5,136.66,1
A,5,137.19,0
A,5,139.84,1
A,5,139.87,0
A,5,140.29,1
A,5,140.39,0
A,5,141.76,1
A,5,143.32,0
A,5,144.45,1
A,5,144.5,0
A,5,145,1
A,5,145.11,0
A,5,147.24,1
A,5,147.33,0
A,5,149.81,1
A,5,150.04,0
A,5,150.63,1
A,5,151.2,0
A,5,152.61,1
A,5,152.64,0
A,5,157.63,1
A,5,157.95,0
A,5,159.32,1
A,5,159.51,0
A,5,161.38,1
A,5,161.63,0
A,5,163.19,1
A,5,163.81,0
A,5,167.8,1
A,5,168.26,0
A,5,171,1
A,5,171.01,0
A,5,172.14,1
A,5,173.6,0
A,5,173.99,1
A,5,174.18,0
A,5,176.66,1
A,5,176.9,0
A,5,177.99,1
A,5,178.55,0
A,5,180.58,1
A,5,180.72,0
A,5,181.46,1
A,5,181.93,0
A,5,185.6,1
A,5,185.65,0
A,5,187.41,1
A,5,187.76,0
A,5,190.8,1
A,5,191.06,0
A,5,195.25,1
A,5,195.94,0
A,5,197.96,1
A,5,197.96,0
A,5,200.33,1
A,5,200.42,0
A,5,201.47,1
A,5,201.89,0
A,5,203.72,1
A,5,203.86,0
A,5,205.39,1
A,5,205.84,0
A,5,212.47,1
A,5,212.62,0
A,5,216.48,1
A,5,216.91,0
A,5,217.92,1
A,5,217.94,0
A,5,218.42,1
A,5,219.02,0
A,5,223.76,1
A,5,223.86,0
A,5,231.97,1
A,5,232.02,0
A,5,234.9,1
A,5,236.22,0
A,5,236.47,1
A,5,236.59,0
A,5,237.06,1
A,5,237.09,0
A,5,241.82,1
A,5,241.84,0
A,5,248.83,1
A,5,249.38,0
A,5,250.6,1
A,5,250.67,0
A,5,250.7,1
A,5,251.02,0
A,5,257.91,1
A,5,258.26,0
A,5,260.49,1
A,5,261.45,0
A,5,261.81,1
A,5,262.06,0
A,5,262.07,1
A,5,262.5,0
A,5,266.39,1
A,5,266.46,0
A,5,272.1,1
A,5,272.26,0
A,5,272.55,1
A,5,272.57,0
A,5,272.6,1
A,5,273.08,0
A,5,275.31,1
A,5,275.62,0
A,5,275.73,1
A,5,276.04,0
A,5,277.4,1
A,5,278.3,0
A,5,279.79,1
A,5,279.96,0
A,5,280.44,1
A,5,280.44,0
A,5,283.33,1
A,5,284.63,0
A,5,286.54,1
A,5,286.92,0
A,5,289.71,1
A,5,291.65,0
A,5,298.8,1
A,5,299.75,0
A,5,301,1
A,5,302.87,0
A,5,306.75,1
A,5,307.12,0
A,5,311.66,1
A,5,311.84,0
A,5,312.49,1
A,5,312.62,0
A,5,313.57,1
A,5,313.59,0
A,5,318.52,1
A,5,318.65,0
A,5,319.81,1
A,5,319.91,0
A,5,322.77,1
A,5,322.89,0
A,5,324.55,1
A,5,324.84,0
A,5,325.53,1
A,5,326.41,0
A,5,327.26,1
A,5,327.56,0
A,5,329.79,1
A,5,329.83,0
A,5,330.85,1
A,5,331.56,0
A,5,336.15,1
A,5,336.68,0
A,5,336.88,1
A,5,337.33,0
A,5,337.83,1
A,5,338,0
A,5,343.24,1
A,5,344.5,0
A,5,350.08,1
A,5,351.16,0
A,5,353.61,1
A,5,353.83,0
A,5,354.3,1
A,5,354.35,0
A,5,357.94,1
A,5,358.28,0
A,5,360.64,1
A,5,360.87,0
A,5,365.02,1
A,5,365.03,0
A,5,366.83,1
A,5,367.62,0
A,5,368.49,1
A,5,368.71,0
A,5,370.78,1
A,5,371.13,0
A,5,371.95,1
A,5,373.03,0
A,5,375.48,1
A,5,375.68,0
A,5,379.52,1
A,5,379.63,0
A,5,380.43,1
A,5,380.74,0
A,5,383.5,1
A,5,383.99,0
A,5,391.86,1
A,5,391.93,0
A,5,392.32,1
A,5,395.6,0
A,5,396.18,1
A,5,396.86,0
A,5,397.62,1
A,5,397.64,0
A,5,398.02,1
A,5,398.34,0
A,5,399.46,1
A,5,399.48,0
A,5,403.38,1
A,5,404.09,0
A,5,407.8,1
A,5,408.24,0
A,5,413.24,1
A,5,413.51,0
A,5,413.59,1
A,5,414.22,0
A,5,418.44,1
A,5,418.52,0
A,5,419.12,1
A,5,419.77,0
A,5,421.88,1
A,5,422.06,0
A,5,423.11,1
A,5,423.21,0
A,5,425.14,1
A,5,425.46,0
A,5,429.19,1
A,5,429.39,0
A,5,429.65,1
A,5,429.78,0
A,5,431.67,1
A,5,431.86,0
A,5,436.61,1
A,5,437.17,0
A,5,437.75,1
A,5,437.88,0
A,5,438.36,1
A,5,439.15,0
A,5,439.99,1
A,5,440.72,0
A,5,441.84,1
A,5,441.96,0
A,5,444.89,1
A,5,446.85,0
A,5,446.88,1
A,5,447.51,0
A,5,447.56,1
A,5,448.14,0
A,5,449.54,1
A,5,449.74,0
A,5,450.96,1
A,5,451.35,0
A,5,452.46,1
A,5,452.57,0
A,5,453.79,1
A,5,453.84,0
A,5,455.75,1
A,5,456.3,0
A,5,461.07,1
A,5,462.46,0
A,5,462.65,1
A,5,462.75,0
A,5,463.36,1
A,5,464.16,0
A,5,465.42,1
A,5,465.45,0
A,5,466.35,1
A,5,466.92,0
A,5,470.02,1
A,5,470.61,0
A,5,471.22,1
A,5,471.76,0
A,5,472.81,1
A,5,472.87,0
A,5,473.74,1
A,5,474.07,0
A,5,476.13,1
A,5,476.19,0
A,5,478.09,1
A,5,478.09,0
A,5,478.11,1
A,5,478.4,0
A,6,0,0
A,6,2.51,1
A,6,3.43,0
A,6,7.44,1
A,6,7.72,0
A,6,7.95,1
A,6,7.96,0
A,6,8.43,1
A,6,8.61,0
A,6,9.73,1
A,6,10.1,0
A,6,11.09,1
A,6,11.81,0
A,6,13.69,1
A,6,15.28,0
A,6,16.03,1
A,6,16.63,0
A,6,16.68,1
A,6,16.69,0
A,6,20.49,1
A,6,20.67,0
A,6,22.52,1
A,6,23.71,0
A,6,24.47,1
A,6,24.86,0
A,6,28.78,1
A,6,30.05,0
A,6,31.39,1
A,6,31.94,0
A,6,32.87,1
A,6,33.09,0
A,6,36.12,1
A,6,36.34,0
A,6,37.04,1
A,6,37.99,0
A,6,47.37,1
A,6,47.57,0
A,6,47.83,1
A,6,48.05,0
A,6,53.16,1
A,6,53.29,0
A,6,56.55,1
A,6,57.43,0
A,6,59.08,1
A,6,59.26,0
A,6,65.79,1
A,6,66.55,0
A,6,66.83,1
A,6,66.97,0
A,6,69.28,1
A,6,69.49,0
A,6,78.46,1
A,6,78.91,0
A,6,80.09,1
A,6,80.5,0
A,6,86.08,1
A,6,86.16,0
A,6,86.19,1
A,6,87.01,0
A,6,87.82,1
A,6,88.12,0
A,6,91.53,1
A,6,91.85,0
A,6,92.62,1
A,6,92.75,0
A,6,95.7,1
A,6,95.88,0
A,6,107.74,1
A,6,108.28,0
A,6,108.99,1
A,6,110.23,0
A,6,111.32,1
A,6,112.95,0
A,6,116.3,1
A,6,117.2,0
A,6,120.59,1
A,6,120.91,0
A,6,122.9,1
A,6,123.11,0
A,6,123.21,1
A,6,123.35,0
A,6,125.77,1
A,6,126.31,0
A,6,129.35,1
A,6,129.53,0
A,6,133.43,1
A,6,133.47,0
A,6,135.23,1
A,6,136.75,0
A,6,137.74,1
A,6,138.25,0
A,6,139.35,1
A,6,139.58,0
A,6,140.43,1
A,6,140.82,0
A,6,145.07,1
A,6,145.14,0
A,6,145.46,1
A,6,145.59,0
A,6,148.92,1
A,6,149.26,0
A,6,149.51,1
A,6,149.55,0
A,6,151.51,1
A,6,151.54,0
A,6,153.81,1
A,6,153.99,0
A,6,155.73,1
A,6,156.45,0
A,6,160.69,1
A,6,160.71,0
A,6,162.26,1
A,6,162.65,0
A,6,163.12,1
A,6,163.41,0
A,6,164.93,1
A,6,165.94,0
A,6,166.11,1
A,6,166.32,0
A,6,166.43,1
A,6,166.81,0
A,6,168.5,1
A,6,170.65,0
A,6,171.89,1
A,6,172.21,0
A,6,172.72,1
A,6,172.73,0
A,6,174.43,1
A,6,174.7,0
A,6,178.55,1
A,6,179.12,0
A,6,180.93,1
A,6,180.93,0
A,6,181.32,1
A,6,181.51,0
A,6,185.23,1
A,6,185.7,0
A,6,186.02,1
A,6,186.24,0
A,6,187.67,1
A,6,187.7,0
A,6,188.39,1
A,6,189.02,0
A,6,190.79,1
A,6,190.94,0
A,6,191.58,1
A,6,191.63,0
A,6,194.91,1
A,6,195.45,0
A,6,198.59,1
A,6,198.95,0
A,6,201.83,1
A,6,203.57,0
A,6,203.79,1
A,6,203.84,0
A,6,205.69,1
A,6,205.96,0
A,6,209.79,1
A,6,210.02,0
A,6,213.54,1
A,6,213.68,0
A,6,222.06,1
A,6,222.85,0
A,6,223.72,1
A,6,224.01,0
A,6,225.52,1
A,6,226.13,0
A,6,231.02,1
A,6,231.42,0
A,6,233.19,1
A,6,234.76,0
A,6,236.23,1
A,6,237.39,0
A,6,240.22,1
A,6,240.33,0
A,6,245.78,1
A,6,245.88,0
A,6,246.82,1
A,6,246.86,0
A,6,247.64,1
A,6,247.95,0
A,6,249.98,1
A,6,250.49,0
A,6,252.33,1
A,6,253.38,0
A,6,254.76,1
A,6,254.78,0
A,6,255.13,1
A,6,258.1,0
A,6,258.65,1
A,6,258.87,0
A,6,262.44,1
A,6,262.69,0
A,6,262.98,1
A,6,263.05,0
A,6,265.68,1
A,6,267,0
A,6,270.29,1
A,6,270.41,0
A,6,272.68,1
A,6,272.69,0
A,6,275.1,1
A,6,277.44,0
A,6,278.86,1
A,6,279.1,0
A,6,280.43,1
A,6,280.64,0
A,6,280.89,1
A,6,280.92,0
A,6,282.31,1
A,6,282.8,0
A,6,285.69,1
A,6,285.79,0
A,6,286.38,1
A,6,286.52,0
A,6,289.15,1
A,6,289.68,0
A,6,295.31,1
A,6,295.34,0
A,6,295.34,1
A,6,296.13,0
A,6,297.48,1
A,6,298.14,0
A,6,299.47,1
A,6,300.06,0
A,6,305.64,1
A,6,306.97,0
A,6,310.09,1
A,6,310.1,0
A,6,312.61,1
A,6,312.64,0
A,6,317.19,1
A,6,318.22,0
A,6,321.88,1
A,6,323.49,0
A,6,326.52,1
A,6,327.35,0
A,6,332.62,1
A,6,332.64,0
A,6,333.27,1
A,6,333.47,0
A,6,335.39,1
A,6,336.69,0
A,6,339.42,1
A,6,339.54,0
A,6,341.6,1
A,6,342.67,0
A,6,343.27,1
A,6,343.44,0
A,6,354.6,1
A,6,354.72,0
A,6,356.55,1
A,6,357.31,0
A,6,359.57,1
A,6,362.04,0
A,6,363.37,1
A,6,363.45,0
A,6,367.01,1
A,6,367.36,0
A,6,372.2,1
A,6,372.34,0
A,6,372.48,1
A,6,372.69,0
A,6,375.5,1
A,6,376,0
A,6,378.77,1
A,6,378.99,0
A,6,383.13,1
A,6,384.28,0
A,6,385.07,1
A,6,385.86,0
A,6,386.66,1
A,6,387.07,0
A,6,387.19,1
A,6,387.55,0
A,6,389.31,1
A,6,389.71,0
A,6,392.29,1
A,6,392.36,0
A,6,401.22,1
A,6,401.83,0
A,6,403.61,1
A,6,403.68,0
A,6,404.22,1
A,6,404.5,0
A,6,408.22,1
A,6,408.37,0
A,6,410.77,1
A,6,410.83,0
A,6,411.02,1
A,6,411.82,0
A,6,411.9,1
A,6,412.46,0
A,6,413.13,1
A,6,413.55,0
A,6,417.24,1
A,6,419.42,0
A,6,419.47,1
A,6,419.61,0
A,6,420.48,1
A,6,420.74,0
A,6,421.88,1
A,6,422.1,0
A,6,426.02,1
A,6,426.04,0
A,6,427.33,1
A,6,427.35,0
A,6,428.15,1
A,6,428.22,0
A,6,429.46,1
A,6,430.39,0
A,6,431.17,1
A,6,431.63,0
A,6,433.03,1
A,6,433.06,0
A,6,435.6,1
A,6,436.36,0
A,6,440.02,1
A,6,440.11,0
A,6,440.82,1
A,6,440.93,0
A,6,441.2,1
A,6,441.54,0
A,6,442.67,1
A,6,443.45,0
A,6,444.22,1
A,6,444.95,0
A,6,447.9,1
A,6,448.13,0
A,6,448.5,1
A,6,448.76,0
A,6,448.79,1
A,6,449.53,0
A,6,452.45,1
A,6,452.9,0
A,6,453.47,1
A,6,453.56,0
A,6,454.72,1
A,6,454.72,0
A,6,458.32,1
A,6,458.48,0
A,6,459.92,1
A,6,460.78,0
A,6,460.82,1
A,6,461.37,0
A,6,466.7,1
A,6,466.79,0
A,6,467.51,1
A,6,467.77,0
A,6,468.95,1
A,6,468.95,0
A,6,469.85,1
A,6,470.11,0
A,6,470.52,1
A,6,470.62,0
A,6,471.58,1
A,6,471.63,0
A,6,472.99,1
A,6,473.23,0
A,7,0,0
A,7,0.03,1
A,7,0.12,0
A,7,2.75,1
A,7,2.75,0
A,7,6.73,1
A,7,7.14,0
A,7,7.96,1
A,7,8.06,0
A,7,9.22,1
A,7,9.27,0
A,7,10.52,1
A,7,10.84,0
A,7,12.07,1
A,7,12.45,0
A,7,13.11,1
A,7,15.92,0
A,7,17.58,1
A,7,17.65,0
A,7,24.32,1
A,7,24.52,0
A,7,27.94,1
A,7,29.46,0
A,7,32.2,1
A,7,32.32,0
A,7,34.18,1
A,7,34.28,0
A,7,34.35,1
A,7,34.53,0
A,7,35.05,1
A,7,36.2,0
A,7,37.63,1
A,7,37.71,0
A,7,38.77,1
A,7,39.57,0
A,7,40.79,1
A,7,40.93,0
A,7,41.57,1
A,7,41.64,0
A,7,43.15,1
A,7,43.65,0
A,7,50.02,1
A,7,50.56,0
A,7,50.96,1
A,7,51.02,0
A,7,53.1,1
A,7,53.49,0
A,7,54.25,1
A,7,54.28,0
A,7,55.52,1
A,7,55.59,0
A,7,58.42,1
A,7,58.88,0
A,7,59.54,1
A,7,59.97,0
A,7,69.98,1
A,7,70.18,0
A,7,77.57,1
A,7,77.77,0
A,7,79.37,1
A,7,79.56,0
A,7,83.1,1
A,7,83.31,0
A,7,85.79,1
A,7,87.17,0
A,7,92.06,1
A,7,92.59,0
A,7,93.49,1
A,7,94.34,0
A,7,94.63,1
A,7,94.97,0
A,7,96.34,1
A,7,96.65,0
A,7,97.05,1
A,7,97.54,0
A,7,98.06,1
A,7,98.14,0
A,7,99.07,1
A,7,99.88,0
A,7,99.97,1
A,7,100.61,0
A,7,105.55,1
A,7,105.82,0
A,7,106.87,1
A,7,108.07,0
A,7,109.43,1
A,7,110.68,0
A,7,111.67,1
A,7,112.22,0
A,7,113.06,1
A,7,114.11,0
A,7,114.31,1
A,7,114.38,0
A,7,115.36,1
A,7,115.52,0
A,7,119.5,1
A,7,119.59,0
A,7,120.45,1
A,7,121.11,0
A,7,121.23,1
A,7,122.61,0
A,7,123.85,1
A,7,126.64,0
A,7,126.73,1
A,7,127.14,0
A,7,140.07,1
A,7,140.67,0
A,7,142.94,1
A,7,143.15,0
A,7,143.17,1
A,7,144.35,0
A,7,144.78,1
A,7,144.81,0
A,7,146.17,1
A,7,146.42,0
A,7,146.63,1
A,7,146.78,0
A,7,153.89,1
A,7,154.51,0
A,7,157.6,1
A,7,157.81,0
A,7,161.51,1
A,7,162.27,0
A,7,162.91,1
A,7,163.03,0
A,7,164.64,1
A,7,165.02,0
A,7,165.2,1
A,7,165.29,0
A,7,168.02,1
A,7,168.93,0
A,7,169.93,1
A,7,173.23,0
A,7,176.89,1
A,7,177.14,0
A,7,177.96,1
A,7,181.59,0
A,7,182.79,1
A,7,183.87,0
A,7,186.8,1
A,7,186.87,0
A,7,187.68,1
A,7,188.76,0
A,7,189.06,1
A,7,189.43,0
A,7,189.95,1
A,7,190.44,0
A,7,191.02,1
A,7,191.09,0
A,7,191.53,1
A,7,191.61,0
A,7,194.98,1
A,7,196.26,0
A,7,197.11,1
A,7,197.64,0
A,7,201.78,1
A,7,201.93,0
A,7,203.49,1
A,7,203.54,0
A,7,205.79,1
A,7,206.38,0
A,7,206.93,1
A,7,207.34,0
A,7,207.91,1
A,7,208.24,0
A,7,209.13,1
A,7,210.39,0
A,7,215.53,1
A,7,215.67,0
A,7,217.95,1
A,7,219.08,0
A,7,221.68,1
A,7,221.74,0
A,7,225.94,1
A,7,226,0
A,7,228.75,1
A,7,229.12,0
A,7,233.35,1
A,7,233.42,0
A,7,243.46,1
A,7,244.12,0
A,7,248.2,1
A,7,249.24,0
A,7,250.05,1
A,7,250.14,0
A,7,254.89,1
A,7,257.86,0
A,7,258.14,1
A,7,258.39,0
A,7,264.13,1
A,7,264.36,0
A,7,266.88,1
A,7,267.15,0
A,7,267.32,1
A,7,267.56,0
A,7,267.77,1
A,7,267.83,0
A,7,269.49,1
A,7,270.2,0
A,7,271.38,1
A,7,272.85,0
A,7,273.54,1
A,7,273.61,0
A,7,275.86,1
A,7,278.93,0
A,7,282.02,1
A,7,282.13,0
A,7,285.71,1
A,7,285.84,0
A,7,291.11,1
A,7,291.5,0
A,7,293.53,1
A,7,293.67,0
A,7,295.65,1
A,7,297.57,0
A,7,297.66,1
A,7,298.1,0
A,7,301.66,1
A,7,301.96,0
A,7,311.08,1
A,7,311.35,0
A,7,311.49,1
A,7,311.72,0
A,7,313.87,1
A,7,313.92,0
A,7,313.94,1
A,7,314.06,0
A,7,314.47,1
A,7,314.75,0
A,7,316.35,1
A,7,316.49,0
A,7,330.03,1
A,7,330.19,0
A,7,332.05,1
A,7,334.08,0
A,7,334.89,1
A,7,335.05,0
A,7,335.14,1
A,7,336.18,0
A,7,336.34,1
A,7,336.51,0
A,7,337.31,1
A,7,338.26,0
A,7,339.4,1
A,7,340.15,0
A,7,342.05,1
A,7,342.44,0
A,7,342.89,1
A,7,343.13,0
A,7,345,1
A,7,345.02,0
A,7,345.34,1
A,7,345.64,0
A,7,346.38,1
A,7,347.13,0
A,7,349.72,1
A,7,350.22,0
A,7,351.02,1
A,7,351.89,0
A,7,354.39,1
A,7,354.8,0
A,7,355.43,1
A,7,355.69,0
A,7,356.76,1
A,7,356.94,0
A,7,361.6,1
A,7,362.26,0
A,7,363.96,1
A,7,364.36,0
A,7,365.05,1
A,7,369.61,0
A,7,372.76,1
A,7,372.89,0
A,7,372.96,1
A,7,375.36,0
A,7,376.96,1
A,7,377.59,0
A,7,379.03,1
A,7,380.89,0
A,7,381.69,1
A,7,382.17,0
A,7,385.87,1
A,7,386.48,0
A,7,387.04,1
A,7,387.21,0
A,7,387.42,1
A,7,387.49,0
A,7,388.64,1
A,7,388.72,0
A,7,388.88,1
A,7,389.28,0
A,7,393.16,1
A,7,393.22,0
A,7,394.88,1
A,7,394.94,0
A,7,396.89,1
A,7,396.95,0
A,7,405.12,1
A,7,406.77,0
A,7,408.77,1
A,7,408.9,0
A,7,411.14,1
A,7,411.41,0
A,7,412.57,1
A,7,413.11,0
A,7,413.31,1
A,7,413.51,0
A,7,415.39,1
A,7,416,0
A,7,417.95,1
A,7,418.33,0
A,7,418.5,1
A,7,418.51,0
A,7,418.64,1
A,7,418.9,0
A,7,422.59,1
A,7,423.23,0
A,7,427.28,1
A,7,428.36,0
A,7,431.36,1
A,7,431.76,0
A,7,434.93,1
A,7,435.5,0
A,7,436.36,1
A,7,436.47,0
A,7,440.66,1
A,7,441.01,0
A,7,443.56,1
A,7,443.62,0
A,7,445.24,1
A,7,445.27,0
A,7,450.11,1
A,7,450.24,0
A,7,450.4,1
A,7,450.53,0
A,7,451.99,1
A,7,452.36,0
A,7,455.72,1
A,7,455.86,0
A,7,456.86,1
A,7,456.99,0
A,7,457.28,1
A,7,458.34,0
A,7,460.13,1
A,7,460.21,0
A,7,460.31,1
A,7,462.41,0
A,7,463.77,1
A,7,463.89,0
A,7,464.35,1
A,7,464.86,0
A,7,467.87,1
A,7,468.04,0
A,7,468.69,1
A,7,471.8,0
A,7,473.34,1
A,7,474.45,0
A,7,474.82,1
A,7,475.95,0
A,7,477.4,1
A,7,477.4,0
A,7,478.16,1
A,7,478.51,0
A,8,0,0
A,8,0.06,1
A,8,0.76,0
A,8,4.79,1
A,8,4.85,0
A,8,5.91,1
A,8,8.33,0
A,8,15.77,1
A,8,16.16,0
A,8,17.49,1
A,8,17.59,0
A,8,18.33,1
A,8,18.68,0
A,8,18.75,1
A,8,18.79,0
A,8,19.64,1
A,8,20.69,0
A,8,25.09,1
A,8,26.34,0
A,8,27.31,1
A,8,27.56,0
A,8,28.88,1
A,8,28.99,0
A,8,31.09,1
A,8,31.14,0
A,8,33.83,1
A,8,34.93,0
A,8,35.21,1
A,8,35.64,0
A,8,39.12,1
A,8,39.49,0
A,8,39.96,1
A,8,40.63,0
A,8,43.94,1
A,8,44.07,0
A,8,45.4,1
A,8,45.59,0
A,8,47.79,1
A,8,47.99,0
A,8,51.88,1
A,8,52.3,0
A,8,54.1,1
A,8,54.11,0
A,8,63.21,1
A,8,63.52,0
A,8,64.02,1
A,8,64.25,0
A,8,64.4,1
A,8,64.57,0
A,8,64.72,1
A,8,64.76,0
A,8,67.98,1
A,8,68.19,0
A,8,68.92,1
A,8,70.04,0
A,8,72.02,1
A,8,72.05,0
A,8,73.15,1
A,8,73.7,0
A,8,77.85,1
A,8,78.26,0
A,8,78.51,1
A,8,78.65,0
A,8,79.64,1
A,8,80.93,0
A,8,84.17,1
A,8,85.77,0
A,8,90.92,1
A,8,91.43,0
A,8,91.44,1
A,8,91.52,0
A,8,92.03,1
A,8,92.13,0
A,8,92.33,1
A,8,93,0
A,8,98.38,1
A,8,98.92,0
A,8,101.49,1
A,8,102.38,0
A,8,103.86,1
A,8,104.49,0
A,8,105.55,1
A,8,105.85,0
A,8,109.96,1
A,8,110.23,0
A,8,110.26,1
A,8,110.5,0
A,8,114.12,1
A,8,115.04,0
A,8,116.86,1
A,8,117.24,0
A,8,119.41,1
A,8,120.1,0
A,8,124.66,1
A,8,128.03,0
A,8,137.82,1
A,8,137.88,0
A,8,141.16,1
A,8,141.42,0
A,8,144.08,1
A,8,145.04,0
A,8,145.24,1
A,8,145.32,0
A,8,146.37,1
A,8,146.58,0
A,8,148.69,1
A,8,149.29,0
A,8,150.33,1
A,8,150.57,0
A,8,150.86,1
A,8,150.86,0
A,8,152.68,1
A,8,152.92,0
A,8,153.92,1
A,8,153.98,0
A,8,164.37,1
A,8,164.56,0
A,8,165.56,1
A,8,166.07,0
A,8,169.97,1
A,8,171.13,0
A,8,171.39,1
A,8,171.57,0
A,8,172.18,1
A,8,172.97,0
A,8,175.03,1
A,8,175.9,0
A,8,176.73,1
A,8,177.09,0
A,8,182.71,1
A,8,183.31,0
A,8,184.79,1
A,8,185.34,0
A,8,191.01,1
A,8,192.74,0
A,8,198.49,1
A,8,198.52,0
A,8,200.22,1
A,8,200.83,0
A,8,201.28,1
A,8,201.66,0
A,8,204.21,1
A,8,204.44,0
A,8,205.69,1
A,8,206.31,0
A,8,207.31,1
A,8,207.38,0
A,8,208.42,1
A,8,209.2,0
A,8,210.78,1
A,8,210.99,0
A,8,216.5,1
A,8,216.8,0
A,8,219.06,1
A,8,219.5,0
A,8,219.57,1
A,8,219.67,0
A,8,221.87,1
A,8,222.88,0
A,8,223.58,1
A,8,223.69,0
A,8,225.66,1
A,8,225.79,0
A,8,226.49,1
A,8,226.76,0
A,8,226.86,1
A,8,228.14,0
A,8,230.17,1
A,8,231.23,0
A,8,233.33,1
A,8,233.47,0
A,8,233.94,1
A,8,234.53,0
A,8,237.42,1
A,8,238.29,0
A,8,242.23,1
A,8,242.25,0
A,8,242.88,1
A,8,243.09,0
A,8,243.2,1
A,8,244.05,0
A,8,245.2,1
A,8,245.74,0
A,8,246.61,1
A,8,247.41,0
A,8,250.07,1
A,8,250.89,0
A,8,251.87,1
A,8,252.23,0
A,8,253.64,1
A,8,253.74,0
A,8,258.14,1
A,8,258.23,0
A,8,267.28,1
A,8,270.34,0
A,8,271.79,1
A,8,273.14,0
A,8,276.11,1
A,8,276.52,0
A,8,287.34,1
A,8,287.36,0
A,8,290.14,1
A,8,290.83,0
A,8,291.76,1
A,8,291.8,0
A,8,298.16,1
A,8,298.27,0
A,8,298.31,1
A,8,298.7,0
A,8,300.39,1
A,8,300.6,0
A,8,302.62,1
A,8,302.67,0
A,8,302.89,1
A,8,302.94,0
A,8,303.62,1
A,8,303.69,0
A,8,304.15,1
A,8,304.99,0
A,8,311.57,1
A,8,314.57,0
A,8,315.41,1
A,8,315.79,0
A,8,318.38,1
A,8,318.46,0
A,8,329.68,1
A,8,330.88,0
A,8,334.21,1
A,8,334.25,0
A,8,336.75,1
A,8,338.27,0
A,8,338.56,1
A,8,339.43,0
A,8,342.37,1
A,8,342.46,0
A,8,343.8,1
A,8,343.95,0
A,8,348.39,1
A,8,348.88,0
A,8,351.03,1
A,8,351.27,0
A,8,351.29,1
A,8,351.31,0
A,8,351.74,1
A,8,352.1,0
A,8,352.44,1
A,8,352.98,0
A,8,353.54,1
A,8,354.46,0
A,8,355.14,1
A,8,355.31,0
A,8,364.67,1
A,8,365.1,0
A,8,366.22,1
A,8,368.66,0
A,8,375.28,1
A,8,375.28,0
A,8,377.46,1
A,8,377.74,0
A,8,381.9,1
A,8,382.29,0
A,8,382.64,1
A,8,383.23,0
A,8,383.67,1
A,8,383.89,0
A,8,384.95,1
A,8,384.98,0
A,8,385.25,1
A,8,385.69,0
A,8,390.5,1
A,8,391.63,0
A,8,396.51,1
A,8,397.81,0
A,8,397.9,1
A,8,398.24,0
A,8,398.79,1
A,8,399.38,0
A,8,400.08,1
A,8,400.38,0
A,8,401.11,1
A,8,401.38,0
A,8,401.89,1
A,8,402.12,0
A,8,402.14,1
A,8,402.4,0
A,8,403.64,1
A,8,404,0
A,8,405.29,1
A,8,406.01,0
A,8,406.66,1
A,8,406.9,0
A,8,408.13,1
A,8,408.51,0
A,8,411.69,1
A,8,411.95,0
A,8,412.34,1
A,8,412.5,0
A,8,415.91,1
A,8,416.09,0
A,8,419.35,1
A,8,419.8,0
A,8,422.43,1
A,8,422.68,0
A,8,423.74,1
A,8,424.46,0
A,8,424.95,1
A,8,426.04,0
A,8,426.14,1
A,8,426.21,0
A,8,428.31,1
A,8,429.33,0
A,8,430.07,1
A,8,431.44,0
A,8,431.52,1
A,8,431.53,0
A,8,432.38,1
A,8,432.43,0
A,8,436.35,1
A,8,436.87,0
A,8,437.22,1
A,8,437.23,0
A,8,437.79,1
A,8,438.41,0
A,8,441.23,1
A,8,441.46,0
A,8,443.5,1
A,8,444.02,0
A,8,445.22,1
A,8,445.31,0
A,8,445.35,1
A,8,445.42,0
A,8,446.1,1
A,8,446.91,0
A,8,450.48,1
A,8,450.77,0
A,8,451.52,1
A,8,451.67,0
A,8,453.11,1
A,8,454.49,0
A,8,455.28,1
A,8,455.3,0
A,8,459.27,1
A,8,459.93,0
A,8,460.24,1
A,8,460.47,0
A,8,460.71,1
A,8,461.15,0
A,8,463.61,1
A,8,463.96,0
A,8,465.66,1
A,8,466.21,0
A,8,472.41,1
A,8,472.68,0
A,8,474.56,1
A,8,475.33,0
A,8,478.69,1
A,8,479.64,0
A,9,0,0
A,9,2.42,1
A,9,2.43,0
A,9,5.7,1
A,9,5.71,0
A,9,5.86,1
A,9,6.1,0
A,9,10.23,1
A,9,10.93,0
A,9,11.76,1
A,9,12.83,0
A,9,16.03,1
A,9,16.07,0
A,9,18.97,1
A,9,18.98,0
A,9,20.21,1
A,9,20.33,0
A,9,21.69,1
A,9,22.23,0
A,9,24.15,1
A,9,24.52,0
A,9,25.38,1
A,9,25.49,0
A,9,25.89,1
A,9,27.39,0
A,9,29.22,1
A,9,29.54,0
A,9,30.09,1
A,9,31.2,0
A,9,31.83,1
A,9,31.91,0
A,9,32.37,1
A,9,34.55,0
A,9,38.23,1
A,9,38.34,0
A,9,38.74,1
A,9,40.01,0
A,9,40.72,1
A,9,41.24,0
A,9,41.62,1
A,9,41.76,0
A,9,42.34,1
A,9,43.76,0
A,9,44.53,1
A,9,44.58,0
A,9,47.13,1
A,9,47.27,0
A,9,49.63,1
A,9,50.13,0
A,9,50.68,1
A,9,51.28,0
A,9,54.5,1
A,9,56.29,0
A,9,56.96,1
A,9,58.31,0
A,9,58.55,1
A,9,58.83,0
A,9,59.31,1
A,9,59.34,0
A,9,65.33,1
A,9,70.14,0
A,9,71.94,1
A,9,72.09,0
A,9,73.1,1
A,9,73.11,0
A,9,75.03,1
A,9,75.84,0
A,9,76.59,1
A,9,77.46,0
A,9,79.44,1
A,9,79.46,0
A,9,84.21,1
A,9,84.27,0
A,9,85.4,1
A,9,85.48,0
A,9,88.12,1
A,9,88.16,0
A,9,92.19,1
A,9,92.86,0
A,9,92.96,1
A,9,93.96,0
A,9,96.56,1
A,9,97.49,0
A,9,98.92,1
A,9,99.66,0
A,9,101.96,1
A,9,102.92,0
A,9,103.12,1
A,9,104.15,0
A,9,109.22,1
A,9,109.41,0
A,9,109.45,1
A,9,109.51,0
A,9,111.78,1
A,9,111.83,0
A,9,111.89,1
A,9,112,0
A,9,113.27,1
A,9,113.45,0
A,9,119.59,1
A,9,119.85,0
A,9,119.93,1
A,9,120,0
A,9,121.56,1
A,9,121.63,0
A,9,124.74,1
A,9,124.76,0
A,9,128.9,1
A,9,128.94,0
A,9,130.09,1
A,9,130.47,0
A,9,135.41,1
A,9,136.04,0
A,9,137.95,1
A,9,138.03,0
A,9,142.26,1
A,9,143.21,0
A,9,149.12,1
A,9,149.18,0
A,9,150.62,1
A,9,150.7,0
A,9,151.46,1
A,9,151.61,0
A,9,155.84,1
A,9,156.01,0
A,9,157.81,1
A,9,157.95,0
A,9,162.91,1
A,9,163.86,0
A,9,163.98,1
A,9,165.11,0
A,9,165.25,1
A,9,165.27,0
A,9,167.25,1
A,9,168.12,0
A,9,173.59,1
A,9,175.26,0
A,9,175.64,1
A,9,175.68,0
A,9,179.62,1
A,9,180.82,0
A,9,183.36,1
A,9,185.21,0
A,9,185.55,1
A,9,185.93,0
A,9,190.53,1
A,9,190.56,0
A,9,192.57,1
A,9,192.78,0
A,9,194.65,1
A,9,194.75,0
A,9,196.45,1
A,9,197.66,0
A,9,198.64,1
A,9,198.65,0
A,9,199.23,1
A,9,199.65,0
A,9,199.75,1
A,9,199.86,0
A,9,200.55,1
A,9,201.19,0
A,9,203.7,1
A,9,205.12,0
A,9,208.18,1
A,9,208.58,0
A,9,210.53,1
A,9,210.62,0
A,9,211.17,1
A,9,211.79,0
A,9,212.19,1
A,9,212.28,0
A,9,218.02,1
A,9,218.22,0
A,9,220.51,1
A,9,220.65,0
A,9,221.16,1
A,9,221.44,0
A,9,222.47,1
A,9,222.94,0
A,9,227.27,1
A,9,228.28,0
A,9,229.2,1
A,9,229.59,0
A,9,232.3,1
A,9,232.33,0
A,9,232.89,1
A,9,232.99,0
A,9,234.43,1
A,9,234.48,0
A,9,235.49,1
A,9,235.72,0
A,9,239.34,1
A,9,239.56,0
A,9,241.28,1
A,9,241.41,0
A,9,241.68,1
A,9,242.85,0
A,9,243.43,1
A,9,245.74,0
A,9,245.77,1
A,9,246.11,0
A,9,247.08,1
A,9,247.41,0
A,9,248.79,1
A,9,249.16,0
A,9,250.35,1
A,9,250.67,0
A,9,250.96,1
A,9,250.98,0
A,9,251.22,1
A,9,251.27,0
A,9,254.6,1
A,9,254.77,0
A,9,255.12,1
A,9,255.89,0
A,9,259.98,1
A,9,260.03,0
A,9,260.23,1
A,9,260.29,0
A,9,261.79,1
A,9,262.06,0
A,9,262.34,1
A,9,263.71,0
A,9,265.99,1
A,9,266.65,0
A,9,271.14,1
A,9,271.26,0
A,9,275.88,1
A,9,276.25,0
A,9,290.66,1
A,9,290.83,0
A,9,291.5,1
A,9,292.4,0
A,9,292.4,1
A,9,292.6,0
A,9,297.45,1
A,9,297.92,0
A,9,299,1
A,9,299.09,0
A,9,303.19,1
A,9,304.64,0
A,9,305.32,1
A,9,305.41,0
A,9,305.43,1
A,9,305.95,0
A,9,306.85,1
A,9,307.05,0
A,9,312.55,1
A,9,313,0
A,9,313.59,1
A,9,314.55,0
A,9,317.55,1
A,9,317.77,0
A,9,319.74,1
A,9,320.75,0
A,9,324.5,1
A,9,324.56,0
A,9,330.83,1
A,9,330.95,0
A,9,332.29,1
A,9,332.53,0
A,9,336.29,1
A,9,336.45,0
A,9,336.77,1
A,9,337.9,0
A,9,340.32,1
A,9,343.08,0
A,9,344.71,1
A,9,345.24,0
A,9,345.94,1
A,9,346.2,0
A,9,351.73,1
A,9,351.96,0
A,9,352.95,1
A,9,353.09,0
A,9,362.1,1
A,9,362.95,0
A,9,364.1,1
A,9,364.66,0
A,9,365.56,1
A,9,365.59,0
A,9,366.29,1
A,9,366.32,0
A,9,368.75,1
A,9,369.49,0
A,9,371.79,1
A,9,371.94,0
A,9,374.03,1
A,9,374.18,0
A,9,375.11,1
A,9,375.72,0
A,9,378.21,1
A,9,378.51,0
A,9,383.51,1
A,9,383.54,0
A,9,385.69,1
A,9,385.98,0
A,9,390.32,1
A,9,390.57,0
A,9,396.02,1
A,9,396.69,0
A,9,397.71,1
A,9,398.41,0
A,9,398.95,1
A,9,399.02,0
A,9,405.32,1
A,9,405.59,0
A,9,408.05,1
A,9,408.84,0
A,9,408.92,1
A,9,409.21,0
A,9,409.77,1
A,9,410.15,0
A,9,412.24,1
A,9,412.49,0
A,9,413.81,1
A,9,413.92,0
A,9,414.25,1
A,9,414.53,0
A,9,417.05,1
A,9,417.83,0
A,9,420.74,1
A,9,420.75,0
A,9,421.35,1
A,9,421.53,0
A,9,423.92,1
A,9,424.23,0
A,9,427.95,1
A,9,428.55,0
A,9,428.8,1
A,9,428.85,0
A,9,431.12,1
A,9,431.2,0
A,9,433.06,1
A,9,433.13,0
A,9,433.23,1
A,9,433.57,0
A,9,436.82,1
A,9,437.03,0
A,9,438.72,1
A,9,440.81,0
A,9,441.7,1
A,9,442.16,0
A,9,447.09,1
A,9,447.54,0
A,9,448.74,1
A,9,448.92,0
A,9,449.18,1
A,9,449.36,0
A,9,450.16,1
A,9,450.18,0
A,9,450.97,1
A,9,451.63,0
A,9,456.26,1
A,9,457.48,0
A,9,460.59,1
A,9,461.14,0
A,9,461.18,1
A,9,461.83,0
A,9,465.88,1
A,9,465.93,0
A,9,467.55,1
A,9,467.81,0
A,9,468.52,1
A,9,469.25,0
A,9,470.01,1
A,9,470.59,0
A,9,473.55,1
A,9,474.72,0
A,9,478.02,1
A,9,479.15,0
A,10,0,0
A,10,2.81,1
A,10,2.81,0
A,10,2.82,1
A,10,2.85,0
A,10,3.68,1
A,10,4.5,0
A,10,4.59,1
A,10,5.53,0
A,10,6.56,1
A,10,6.78,0
A,10,11.87,1
A,10,12.57,0
A,10,13.2,1
A,10,13.26,0
A,10,15.78,1
A,10,16.39,0
A,10,17.1,1
A,10,17.35,0
A,10,20.66,1
A,10,20.71,0
A,10,21.14,1
A,10,21.26,0
A,10,23.68,1
A,10,23.69,0
A,10,25.95,1
A,10,29.75,0
A,10,33.93,1
A,10,35.77,0
A,10,37.08,1
A,10,38.1,0
A,10,40.95,1
A,10,41,0
A,10,44.89,1
A,10,46.56,0
A,10,51.66,1
A,10,51.71,0
A,10,51.91,1
A,10,52.78,0
A,10,53.17,1
A,10,53.23,0
A,10,60.76,1
A,10,60.94,0
A,10,64.63,1
A,10,64.66,0
A,10,65.83,1
A,10,66.35,0
A,10,68.27,1
A,10,68.28,0
A,10,70.68,1
A,10,71.56,0
A,10,73.81,1
A,10,74.16,0
A,10,76.34,1
A,10,77.33,0
A,10,79.19,1
A,10,79.33,0
A,10,79.55,1
A,10,79.6,0
A,10,83.84,1
A,10,83.92,0
A,10,84,1
A,10,84.14,0
A,10,87.81,1
A,10,88.51,0
A,10,90.66,1
A,10,90.89,0
A,10,91.41,1
A,10,91.6,0
A,10,94.64,1
A,10,94.73,0
A,10,96.16,1
A,10,96.41,0
A,10,98.57,1
A,10,99.28,0
A,10,99.83,1
A,10,99.93,0
A,10,100.17,1
A,10,100.32,0
A,10,100.71,1
A,10,101.12,0
A,10,101.49,1
A,10,101.92,0
A,10,102.92,1
A,10,103.74,0
A,10,105.81,1
A,10,106.06,0
A,10,107.63,1
A,10,107.95,0
A,10,109.89,1
A,10,110.23,0
A,10,111.91,1
A,10,111.96,0
A,10,119.05,1
A,10,119.12,0
A,10,119.13,1
A,10,119.87,0
A,10,125.59,1
A,10,126.28,0
A,10,127.45,1
A,10,127.46,0
A,10,129.12,1
A,10,129.38,0
A,10,130.91,1
A,10,131.66,0
A,10,132.05,1
A,10,132.17,0
A,10,132.42,1
A,10,132.46,0
A,10,134.46,1
A,10,134.59,0
A,10,136.98,1
A,10,137.1,0
A,10,138.47,1
A,10,138.96,0
A,10,139.47,1
A,10,143.03,0
A,10,144.41,1
A,10,144.67,0
A,10,150.68,1
A,10,150.72,0
A,10,152.23,1
A,10,153.06,0
A,10,153.5,1
A,10,154.84,0
A,10,160.74,1
A,10,161.18,0
A,10,161.91,1
A,10,161.94,0
A,10,162.28,1
A,10,162.43,0
A,10,162.51,1
A,10,162.99,0
A,10,166.96,1
A,10,167.18,0
A,10,168.17,1
A,10,168.33,0
A,10,172.49,1
A,10,172.78,0
A,10,178.71,1
A,10,178.82,0
A,10,181.39,1
A,10,181.46,0
A,10,185.58,1
A,10,186.61,0
A,10,187.8,1
A,10,187.82,0
A,10,188.66,1
A,10,188.77,0
A,10,192.84,1
A,10,193.25,0
A,10,193.95,1
A,10,194.38,0
A,10,194.57,1
A,10,194.85,0
A,10,199.89,1
A,10,200.38,0
A,10,200.69,1
A,10,200.78,0
A,10,206.36,1
A,10,206.96,0
A,10,207.21,1
A,10,207.38,0
A,10,208.7,1
A,10,208.76,0
A,10,208.89,1
A,10,209.15,0
A,10,209.32,1
A,10,209.4,0
A,10,210.78,1
A,10,211.25,0
A,10,213.71,1
A,10,214.71,0
A,10,215.73,1
A,10,215.82,0
A,10,215.98,1
A,10,216.04,0
A,10,216.25,1
A,10,218.25,0
A,10,218.7,1
A,10,219.02,0
A,10,219.62,1
A,10,220.42,0
A,10,220.6,1
A,10,220.75,0
A,10,221.72,1
A,10,222.18,0
A,10,222.26,1
A,10,223.62,0
A,10,224.92,1
A,10,225.03,0
A,10,226.48,1
A,10,226.75,0
A,10,228.17,1
A,10,228.44,0
A,10,228.62,1
A,10,228.9,0
A,10,233.39,1
A,10,233.48,0
A,10,234.16,1
A,10,234.46,0
A,10,235.06,1
A,10,235.19,0
A,10,235.6,1
A,10,238.47,0
A,10,239.64,1
A,10,240.13,0
A,10,242.79,1
A,10,244.01,0
A,10,249.49,1
A,10,249.5,0
A,10,249.97,1
A,10,250.7,0
A,10,250.9,1
A,10,251.77,0
A,10,252.92,1
A,10,252.99,0
A,10,261.51,1
A,10,262.92,0
A,10,263.09,1
A,10,263.1,0
A,10,267.87,1
A,10,267.92,0
A,10,269.89,1
A,10,270.29,0
A,10,271.21,1
A,10,271.26,0
A,10,271.27,1
A,10,272.02,0
A,10,272.57,1
A,10,272.84,0
A,10,272.96,1
A,10,273.52,0
A,10,276.46,1
A,10,278.36,0
A,10,279.64,1
A,10,279.67,0
A,10,281.85,1
A,10,282.34,0
A,10,285.37,1
A,10,285.53,0
A,10,287.02,1
A,10,287.08,0
A,10,287.74,1
A,10,287.8,0
A,10,293.09,1
A,10,294.76,0
A,10,294.9,1
A,10,297.77,0
A,10,298.68,1
A,10,299.42,0
A,10,300.5,1
A,10,300.98,0
A,10,301.18,1
A,10,301.29,0
A,10,302.66,1
A,10,302.94,0
A,10,305.8,1
A,10,306.62,0
A,10,311.97,1
A,10,312.44,0
A,10,315.5,1
A,10,316.16,0
A,10,320.74,1
A,10,321.39,0
A,10,322.66,1
A,10,323.37,0
A,10,324.22,1
A,10,324.53,0
A,10,326.7,1
A,10,326.8,0
A,10,329.98,1
A,10,330.09,0
A,10,332.34,1
A,10,334.58,0
A,10,335.42,1
A,10,335.64,0
A,10,340.4,1
A,10,340.95,0
A,10,344.12,1
A,10,344.79,0
A,10,346.35,1
A,10,346.95,0
A,10,347.94,1
A,10,348.08,0
A,10,351.64,1
A,10,352.34,0
A,10,355.46,1
A,10,356.06,0
A,10,356.25,1
A,10,357,0
A,10,358.2,1
A,10,358.31,0
A,10,358.93,1
A,10,359.32,0
A,10,361.04,1
A,10,361.27,0
A,10,365.47,1
A,10,365.71,0
A,10,367.75,1
A,10,367.78,0
A,10,371.24,1
A,10,371.75,0
A,10,372.06,1
A,10,372.51,0
A,10,373,1
A,10,373.23,0
A,10,374.43,1
A,10,374.49,0
A,10,376.55,1
A,10,376.88,0
A,10,378.84,1
A,10,379.64,0
A,10,383.23,1
A,10,383.67,0
A,10,388.74,1
A,10,389.14,0
A,10,390.03,1
A,10,391.15,0
A,10,391.98,1
A,10,392.04,0
A,10,397.77,1
A,10,397.96,0
A,10,400.81,1
A,10,401.39,0
A,10,401.53,1
A,10,402.33,0
A,10,407.95,1
A,10,408.21,0
A,10,408.56,1
A,10,408.59,0
A,10,408.96,1
A,10,409.16,0
A,10,412.03,1
A,10,413.99,0
A,10,415.95,1
A,10,419.74,0
A,10,423.44,1
A,10,424.46,0
A,10,425.92,1
A,10,426.13,0
A,10,426.2,1
A,10,426.29,0
A,10,429.72,1
A,10,429.78,0
A,10,431.72,1
A,10,432.76,0
A,10,438.48,1
A,10,438.77,0
A,10,449.33,1
A,10,449.35,0
A,10,450.85,1
A,10,450.87,0
A,10,452.18,1
A,10,452.74,0
A,10,455.5,1
A,10,455.56,0
A,10,456.08,1
A,10,456.18,0
A,10,457.34,1
A,10,457.84,0
A,10,458.14,1
A,10,458.22,0
A,10,458.77,1
A,10,458.82,0
A,10,459,1
A,10,459.19,0
A,10,459.61,1
A,10,460.16,0
A,10,460.33,1
A,10,460.41,0
A,10,461.95,1
A,10,462.17,0
A,10,462.22,1
A,10,463.52,0
A,10,468.41,1
A,10,469.37,0
A,10,475.96,1
A,10,476.21,0
A,10,477.81,1
A,10,477.92,0
A,10,479.73,1
A,11,0,0
A,11,0.09,1
A,11,0.54,0
A,11,2.38,1
A,11,3.88,0
A,11,5.98,1
A,11,6.73,0
A,11,8.55,1
A,11,8.71,0
A,11,12.77,1
A,11,13.82,0
A,11,18.58,1
A,11,18.58,0
A,11,19.41,1
A,11,19.67,0
A,11,21.29,1
A,11,21.44,0
A,11,21.79,1
A,11,22.05,0
A,11,22.62,1
A,11,22.63,0
A,11,24.84,1
A,11,25.01,0
A,11,26.32,1
A,11,26.5,0
A,11,27.19,1
A,11,27.22,0
A,11,30.31,1
A,11,30.58,0
A,11,30.69,1
A,11,30.75,0
A,11,35.11,1
A,11,35.35,0
A,11,38.47,1
A,11,38.54,0
A,11,39.32,1
A,11,39.33,0
A,11,39.94,1
A,11,40.17,0
A,11,40.43,1
A,11,40.59,0
A,11,41.21,1
A,11,42.71,0
A,11,43.56,1
A,11,43.71,0
A,11,48.28,1
A,11,49.58,0
A,11,49.72,1
A,11,49.88,0
A,11,50.2,1
A,11,50.62,0
A,11,53.23,1
A,11,53.25,0
A,11,54.02,1
A,11,54.15,0
A,11,55.3,1
A,11,55.39,0
A,11,57.84,1
A,11,58.93,0
A,11,59.03,1
A,11,59.29,0
A,11,61.21,1
A,11,61.93,0
A,11,62.91,1
A,11,63.17,0
A,11,66.5,1
A,11,67.27,0
A,11,69.66,1
A,11,69.7,0
A,11,70.42,1
A,11,70.98,0
A,11,79.85,1
A,11,81.19,0
A,11,83.1,1
A,11,83.4,0
A,11,85.37,1
A,11,85.68,0
A,11,87.19,1
A,11,87.22,0
A,11,92.16,1
A,11,92.78,0
A,11,93.05,1
A,11,93.98,0
A,11,103.74,1
A,11,104.02,0
A,11,107.43,1
A,11,108.71,0
A,11,112.8,1
A,11,113.07,0
A,11,113.32,1
A,11,113.63,0
A,11,114.53,1
A,11,114.64,0
A,11,114.95,1
A,11,115.31,0
A,11,115.74,1
A,11,115.85,0
A,11,115.89,1
A,11,116.27,0
A,11,118.23,1
A,11,118.26,0
A,11,118.36,1
A,11,118.64,0
A,11,123.11,1
A,11,123.14,0
A,11,130.49,1
A,11,130.95,0
A,11,132.86,1
A,11,132.9,0
A,11,133.36,1
A,11,133.37,0
A,11,133.52,1
A,11,133.53,0
A,11,140.72,1
A,11,140.92,0
A,11,141.39,1
A,11,141.9,0
A,11,142.95,1
A,11,143.92,0
A,11,144.6,1
A,11,145.19,0
A,11,149.37,1
A,11,149.8,0
A,11,152.85,1
A,11,153.18,0
A,11,156.41,1
A,11,156.67,0
A,11,159.5,1
A,11,159.59,0
A,11,162.84,1
A,11,163.11,0
A,11,163.69,1
A,11,164.21,0
A,11,165.63,1
A,11,165.69,0
A,11,167.95,1
A,11,168.19,0
A,11,168.67,1
A,11,169.15,0
A,11,169.44,1
A,11,170.55,0
A,11,170.59,1
A,11,170.73,0
A,11,172.1,1
A,11,172.16,0
A,11,172.47,1
A,11,172.54,0
A,11,174.99,1
A,11,175.01,0
A,11,180.3,1
A,11,182.31,0
A,11,185.69,1
A,11,188.65,0
A,11,189.04,1
A,11,189.21,0
A,11,191.65,1
A,11,191.74,0
A,11,193.57,1
A,11,193.78,0
A,11,200.6,1
A,11,200.91,0
A,11,203.25,1
A,11,203.38,0
A,11,203.51,1
A,11,204.08,0
A,11,206.75,1
A,11,206.87,0
A,11,212.86,1
A,11,212.91,0
A,11,214.82,1
A,11,215.02,0
A,11,216.13,1
A,11,216.91,0
A,11,217.6,1
A,11,217.96,0
A,11,218.83,1
A,11,219.42,0
A,11,219.7,1
A,11,219.9,0
A,11,219.94,1
A,11,220.35,0
A,11,229.86,1
A,11,229.9,0
A,11,230.37,1
A,11,231.37,0
A,11,233.61,1
A,11,234.25,0
A,11,235.81,1
A,11,236.21,0
A,11,239.1,1
A,11,239.31,0
A,11,241.38,1
A,11,241.88,0
A,11,251.74,1
A,11,251.9,0
A,11,252.48,1
A,11,252.81,0
A,11,254.62,1
A,11,254.93,0
A,11,255.82,1
A,11,256.96,0
A,11,262.43,1
A,11,263.07,0
A,11,263.39,1
A,11,263.9,0
A,11,268.41,1
A,11,268.43,0
A,11,271.01,1
A,11,271.87,0
A,11,278.22,1
A,11,278.45,0
A,11,279.62,1
A,11,279.69,0
A,11,280.8,1
A,11,280.82,0
A,11,281.34,1
A,11,281.68,0
A,11,283.1,1
A,11,283.38,0
A,11,284.77,1
A,11,284.81,0
A,11,285.27,1
A,11,285.72,0
A,11,287.15,1
A,11,287.31,0
A,11,288.73,1
A,11,288.93,0
A,11,289.78,1
A,11,289.8,0
A,11,290.66,1
A,11,290.68,0
A,11,291.89,1
A,11,292,0
A,11,292.74,1
A,11,293.06,0
A,11,293.92,1
A,11,294.38,0
A,11,296.54,1
A,11,296.59,0
A,11,296.66,1
A,11,296.93,0
A,11,297.97,1
A,11,298.31,0
A,11,299.33,1
A,11,300.34,0
A,11,302.03,1
A,11,304.31,0
A,11,305.7,1
A,11,305.73,0
A,11,305.78,1
A,11,305.88,0
A,11,313.84,1
A,11,313.85,0
A,11,316.43,1
A,11,316.72,0
A,11,319.2,1
A,11,319.51,0
A,11,321.35,1
A,11,321.39,0
A,11,321.97,1
A,11,322,0
A,11,325.98,1
A,11,326.2,0
A,11,326.57,1
A,11,326.58,0
A,11,326.66,1
A,11,326.74,0
A,11,326.75,1
A,11,326.99,0
A,11,329.83,1
A,11,331.13,0
A,11,333.5,1
A,11,333.97,0
A,11,334.74,1
A,11,335.13,0
A,11,338.3,1
A,11,338.48,0
A,11,343.69,1
A,11,344.05,0
A,11,345.21,1
A,11,345.46,0
A,11,346.73,1
A,11,347.29,0
A,11,347.41,1
A,11,348.25,0
A,11,349.18,1
A,11,349.88,0
A,11,350.39,1
A,11,350.71,0
A,11,350.97,1
A,11,351,0
A,11,351.24,1
A,11,351.95,0
A,11,351.98,1
A,11,352.73,0
A,11,353.02,1
A,11,353.12,0
A,11,353.58,1
A,11,353.65,0
A,11,354.67,1
A,11,355.05,0
A,11,355.51,1
A,11,355.59,0
A,11,355.74,1
A,11,356.76,0
A,11,358.6,1
A,11,358.95,0
A,11,361.72,1
A,11,361.93,0
A,11,365.66,1
A,11,365.74,0
A,11,369.42,1
A,11,370.08,0
A,11,371.47,1
A,11,371.83,0
A,11,372.22,1
A,11,374.12,0
A,11,377.2,1
A,11,377.28,0
A,11,377.83,1
A,11,377.97,0
A,11,389.87,1
A,11,389.96,0
A,11,392.86,1
A,11,392.91,0
A,11,393.08,1
A,11,393.1,0
A,11,395,1
A,11,395.52,0
A,11,396.53,1
A,11,396.6,0
A,11,397.73,1
A,11,397.94,0
A,11,401.47,1
A,11,401.49,0
A,11,404.43,1
A,11,404.84,0
A,11,405.38,1
A,11,406.16,0
A,11,414.62,1
A,11,414.76,0
A,11,418.69,1
A,11,419.56,0
A,11,421.39,1
A,11,421.51,0
A,11,428.97,1
A,11,429.11,0
A,11,431.87,1
A,11,431.95,0
A,11,432.32,1
A,11,432.43,0
A,11,433.13,1
A,11,433.26,0
A,11,438.45,1
A,11,438.88,0
A,11,442.73,1
A,11,443.03,0
A,11,445.5,1
A,11,446.74,0
A,11,447.76,1
A,11,448.17,0
A,11,449.29,1
A,11,450.11,0
A,11,450.53,1
A,11,451.27,0
A,11,455.91,1
A,11,456.5,0
A,11,456.76,1
A,11,458.57,0
A,11,459.6,1
A,11,459.95,0
A,11,460.83,1
A,11,461.29,0
A,11,461.4,1
A,11,461.73,0
A,11,464.98,1
A,11,465.37,0
A,11,466.47,1
A,11,466.71,0
A,11,469.23,1
A,11,469.35,0
A,11,469.84,1
A,11,470.76,0
A,11,476.4,1
A,11,477.22,0
A,11,477.26,1
A,11,477.54,0
A,11,478.4,1
A,12,0,0
A,12,1.21,1
A,12,1.23,0
A,12,4.67,1
A,12,4.88,0
A,12,5.47,1
A,12,5.54,0
A,12,5.7,1
A,12,5.79,0
A,12,5.97,1
A,12,6.66,0
A,12,6.99,1
A,12,7.54,0
A,12,10.48,1
A,12,10.69,0
A,12,14.5,1
A,12,14.68,0
A,12,15.79,1
A,12,15.87,0
A,12,16.55,1
A,12,16.9,0
A,12,17.38,1
A,12,17.7,0
A,12,18.27,1
A,12,18.54,0
A,12,19.09,1
A,12,19.59,0
A,12,24.02,1
A,12,24.2,0
A,12,25.36,1
A,12,26.58,0
A,12,27.6,1
A,12,28.33,0
A,12,31.04,1
A,12,31.14,0
A,12,31.16,1
A,12,32.69,0
A,12,34.23,1
A,12,34.28,0
A,12,36.27,1
A,12,36.54,0
A,12,36.99,1
A,12,37.76,0
A,12,39.94,1
A,12,40.04,0
A,12,40.53,1
A,12,42.07,0
A,12,42.94,1
A,12,43.05,0
A,12,46.42,1
A,12,47.29,0
A,12,47.69,1
A,12,48.26,0
A,12,48.9,1
A,12,49.13,0
A,12,50.71,1
A,12,51.28,0
A,12,53.19,1
A,12,53.46,0
A,12,54.5,1
A,12,54.63,0
A,12,55.66,1
A,12,56.07,0
A,12,65.09,1
A,12,65.53,0
A,12,67.67,1
A,12,68.09,0
A,12,70.16,1
A,12,70.3,0
A,12,73.07,1
A,12,74.09,0
A,12,74.63,1
A,12,75.04,0
A,12,77.34,1
A,12,77.54,0
A,12,77.76,1
A,12,78.08,0
A,12,80,1
A,12,80.07,0
A,12,81.24,1
A,12,82.1,0
A,12,82.37,1
A,12,82.53,0
A,12,82.82,1
A,12,82.91,0
A,12,83.35,1
A,12,83.62,0
A,12,83.77,1
A,12,83.85,0
A,12,87.33,1
A,12,87.45,0
A,12,87.59,1
A,12,88.01,0
A,12,88.4,1
A,12,88.82,0
A,12,89.93,1
A,12,90.48,0
A,12,90.59,1
A,12,90.59,0
A,12,90.67,1
A,12,90.8,0
A,12,91.41,1
A,12,91.57,0
A,12,92.88,1
A,12,93.94,0
A,12,94.97,1
A,12,95.42,0
A,12,100.2,1
A,12,100.65,0
A,12,102.87,1
A,12,103.78,0
A,12,104.48,1
A,12,105.32,0
A,12,105.65,1
A,12,105.78,0
A,12,108,1
A,12,108.07,0
A,12,110.75,1
A,12,110.81,0
A,12,110.88,1
A,12,111.19,0
A,12,111.51,1
A,12,111.81,0
A,12,113.73,1
A,12,114.04,0
A,12,115.18,1
A,12,115.59,0
A,12,116.95,1
A,12,117.33,0
A,12,119.88,1
A,12,121.02,0
A,12,121.18,1
A,12,121.33,0
A,12,124.63,1
A,12,125.27,0
A,12,125.59,1
A,12,127.15,0
A,12,127.16,1
A,12,127.38,0
A,12,130.84,1
A,12,130.87,0
A,12,132.87,1
A,12,135.35,0
A,12,138.7,1
A,12,138.8,0
A,12,145.18,1
A,12,145.24,0
A,12,150,1
A,12,150.15,0
A,12,150.16,1
A,12,150.19,0
A,12,150.9,1
A,12,151.19,0
A,12,152.37,1
A,12,152.5,0
A,12,153.01,1
A,12,153.22,0
A,12,156.49,1
A,12,156.53,0
A,12,158.03,1
A,12,158.04,0
A,12,161.72,1
A,12,161.85,0
A,12,162.99,1
A,12,163.91,0
A,12,164.39,1
A,12,164.42,0
A,12,164.87,1
A,12,165.52,0
A,12,167.66,1
A,12,170.52,0
A,12,171.86,1
A,12,171.95,0
A,12,171.98,1
A,12,172.34,0
A,12,173.72,1
A,12,173.87,0
A,12,179.43,1
A,12,179.54,0
A,12,181.32,1
A,12,181.39,0
A,12,182.29,1
A,12,182.57,0
A,12,183.73,1
A,12,183.79,0
A,12,183.82,1
A,12,184.47,0
A,12,185.92,1
A,12,186.51,0
A,12,187.02,1
A,12,187.05,0
A,12,189.98,1
A,12,191.43,0
A,12,193.36,1
A,12,193.54,0
A,12,194.66,1
A,12,194.77,0
A,12,195.04,1
A,12,195.5,0
A,12,195.8,1
A,12,195.91,0
A,12,197.47,1
A,12,197.65,0
A,12,200.03,1
A,12,200.08,0
A,12,200.79,1
A,12,200.89,0
A,12,201.6,1
A,12,202.36,0
A,12,205.64,1
A,12,205.84,0
A,12,209.07,1
A,12,209.37,0
A,12,210.33,1
A,12,210.68,0
A,12,212.46,1
A,12,212.89,0
A,12,213.04,1
A,12,213.46,0
A,12,215.27,1
A,12,216.11,0
A,12,216.62,1
A,12,217.03,0
A,12,218.31,1
A,12,218.48,0
A,12,220.47,1
A,12,222.39,0
A,12,222.88,1
A,12,222.88,0
A,12,222.97,1
A,12,223.11,0
A,12,227.24,1
A,12,229.11,0
A,12,230.02,1
A,12,230.61,0
A,12,231.11,1
A,12,231.55,0
A,12,234.68,1
A,12,234.82,0
A,12,238.43,1
A,12,238.45,0
A,12,238.56,1
A,12,238.67,0
A,12,239.29,1
A,12,240.59,0
A,12,245.77,1
A,12,246.14,0
A,12,246.53,1
A,12,246.94,0
A,12,249.16,1
A,12,249.25,0
A,12,250.45,1
A,12,251.26,0
A,12,253.87,1
A,12,253.92,0
A,12,260.27,1
A,12,260.97,0
A,12,262.14,1
A,12,262.5,0
A,12,263.8,1
A,12,263.83,0
A,12,265.78,1
A,12,265.81,0
A,12,266.01,1
A,12,266.03,0
A,12,266.07,1
A,12,266.21,0
A,12,267.84,1
A,12,269.86,0
A,12,272.07,1
A,12,272.4,0
A,12,278.69,1
A,12,279.32,0
A,12,280.38,1
A,12,280.71,0
A,12,281.77,1
A,12,281.79,0
A,12,282.67,1
A,12,282.74,0
A,12,284.19,1
A,12,284.89,0
A,12,287.13,1
A,12,287.22,0
A,12,287.57,1
A,12,287.73,0
A,12,288.19,1
A,12,288.23,0
A,12,291.56,1
A,12,291.92,0
A,12,292,1
A,12,292.54,0
A,12,293.59,1
A,12,293.73,0
A,12,294.69,1
A,12,294.77,0
A,12,298.92,1
A,12,299.35,0
A,12,300.69,1
A,12,301.11,0
A,12,301.26,1
A,12,301.32,0
A,12,302.01,1
A,12,302.05,0
A,12,302.18,1
A,12,303.09,0
A,12,304.68,1
A,12,305.08,0
A,12,305.95,1
A,12,306.09,0
A,12,306.32,1
A,12,307.16,0
A,12,307.67,1
A,12,307.9,0
A,12,309.65,1
A,12,309.83,0
A,12,310.08,1
A,12,310.12,0
A,12,312.06,1
A,12,312.46,0
A,12,313.3,1
A,12,313.37,0
A,12,315.09,1
A,12,315.13,0
A,12,319.34,1
A,12,319.36,0
A,12,320.91,1
A,12,321.03,0
A,12,324.08,1
A,12,324.11,0
A,12,324.58,1
A,12,325.53,0
A,12,326.6,1
A,12,328.52,0
A,12,330.53,1
A,12,330.6,0
A,12,330.82,1
A,12,331.11,0
A,12,331.69,1
A,12,331.77,0
A,12,336.72,1
A,12,337.97,0
A,12,342.31,1
A,12,344.5,0
A,12,345.23,1
A,12,345.39,0
A,12,346.52,1
A,12,346.65,0
A,12,346.95,1
A,12,346.98,0
A,12,348.36,1
A,12,348.45,0
A,12,349.92,1
A,12,350.06,0
A,12,350.18,1
A,12,350.22,0
A,12,354.9,1
A,12,355.51,0
A,12,358.51,1
A,12,358.58,0
A,12,359.18,1
A,12,361.12,0
A,12,361.34,1
A,12,361.76,0
A,12,363.44,1
A,12,364.18,0
A,12,364.19,1
A,12,364.4,0
A,12,365.25,1
A,12,365.47,0
A,12,366.44,1
A,12,366.76,0
A,12,369.86,1
A,12,369.98,0
A,12,370.23,1
A,12,370.31,0
A,12,370.98,1
A,12,371,0
A,12,371.08,1
A,12,372.04,0
A,12,377.23,1
A,12,378.14,0
A,12,378.85,1
A,12,378.98,0
A,12,379.39,1
A,12,381.11,0
A,12,381.56,1
A,12,381.65,0
A,12,381.69,1
A,12,382.41,0
A,12,382.69,1
A,12,382.78,0
A,12,383.52,1
A,12,383.55,0
A,12,385.82,1
A,12,386.19,0
A,12,389.92,1
A,12,390.12,0
A,12,391.02,1
A,12,391.34,0
A,12,394.4,1
A,12,394.47,0
A,12,396.43,1
A,12,396.75,0
A,12,398.74,1
A,12,398.83,0
A,12,399.36,1
A,12,400.79,0
A,12,404.57,1
A,12,405,0
A,12,405.05,1
A,12,405.26,0
A,12,406.67,1
A,12,406.91,0
A,12,410.06,1
A,12,410.56,0
A,12,417.9,1
A,12,418.61,0
A,12,421.77,1
A,12,422.11,0
A,12,422.86,1
A,12,422.93,0
A,12,424.97,1
A,12,425.13,0
A,12,425.7,1
A,12,426.21,0
A,12,427.56,1
A,12,428.47,0
A,12,430.24,1
A,12,430.47,0
A,12,431.92,1
A,12,431.95,0
A,12,433.18,1
A,12,434.3,0
A,12,436.12,1
A,12,436.14,0
A,12,436.31,1
A,12,436.7,0
A,12,446.99,1
A,12,447.29,0
A,12,448.23,1
A,12,448.61,0
A,12,456.61,1
A,12,456.63,0
A,12,456.74,1
A,12,456.9,0
A,12,459.34,1
A,12,459.45,0
A,12,463.82,1
A,12,464.01,0
A,12,464.06,1
A,12,464.16,0
A,12,464.31,1
A,12,464.53,0
A,12,465.64,1
A,12,466.37,0
A,12,466.85,1
A,12,470.17,0
A,12,472.05,1
A,12,473.08,0
A,12,476.82,1
A,12,477.04,0
A,12,478.15,1
B,1,0,0
B,1,2.62,1
B,1,12,0
B,1,12.6,1
B,1,13.04,0
B,1,15.83,1
B,1,16.25,0
B,1,17.9,1
B,1,18.54,0
B,1,19.6,1
B,1,20.51,0
B,1,20.78,1
B,1,22.12,0
B,1,23.65,1
B,1,23.95,0
B,1,28.75,1
B,1,31.65,0
B,1,33.4,1
B,1,34.28,0
B,1,35.79,1
B,1,35.85,0
B,1,39.64,1
B,1,40.13,0
B,1,40.47,1
B,1,44.75,0
B,1,60.56,1
B,1,60.94,0
B,1,61.23,1
B,1,63.04,0
B,1,63.41,1
B,1,95.3,0
B,1,100.92,1
B,1,102.19,0
B,1,102.22,1
B,1,102.51,0
B,1,103.57,1
B,1,104.57,0
B,1,105.9,1
B,1,106,0
B,1,106.55,1
B,1,108.64,0
B,1,109.22,1
B,1,109.53,0
B,1,110.41,1
B,1,110.88,0
B,1,113.8,1
B,1,113.97,0
B,1,113.98,1
B,1,114.3,0
B,1,115.75,1
B,1,116.18,0
B,1,116.5,1
B,1,116.72,0
B,1,117.97,1
B,1,118.34,0
B,1,121.03,1
B,1,125.5,0
B,1,125.76,1
B,1,135.54,0
B,1,137.68,1
B,1,138.1,0
B,1,140.36,1
B,1,140.52,0
B,1,146.23,1
B,1,148.76,0
B,1,155.47,1
B,1,155.97,0
B,1,158.32,1
B,1,172.54,0
B,1,174.51,1
B,1,175.76,0
B,1,179.1,1
B,1,180.09,0
B,1,180.78,1
B,1,185.91,0
B,1,188.41,1
B,1,189.35,0
B,1,190.38,1
B,1,191.95,0
B,1,192.77,1
B,1,192.95,0
B,1,198.75,1
B,1,201.36,0
B,1,202.27,1
B,1,202.97,0
B,1,205.13,1
B,1,207.34,0
B,1,207.97,1
B,1,219.07,0
B,1,220.18,1
B,1,220.37,0
B,1,221.7,1
B,1,222.16,0
B,1,222.27,1
B,1,224.98,0
B,1,225.31,1
B,1,225.84,0
B,1,227,1
B,1,227.91,0
B,1,228.22,1
B,1,228.99,0
B,1,231.71,1
B,1,231.93,0
B,1,232.16,1
B,1,234.87,0
B,1,234.88,1
B,1,235.06,0
B,1,235.78,1
B,1,236.53,0
B,1,236.7,1
B,1,237.85,0
B,1,237.94,1
B,1,240.39,0
B,1,241.75,1
B,1,245.77,0
B,1,246.26,1
B,1,246.36,0
B,1,247.51,1
B,1,249.94,0
B,1,250.85,1
B,1,251.04,0
B,1,251.92,1
B,1,257.99,0
B,1,258.54,1
B,1,258.55,0
B,1,258.68,1
B,1,272.3,0
B,1,272.51,1
B,1,272.62,0
B,1,275.34,1
B,1,278.85,0
B,1,278.99,1
B,1,280.24,0
B,1,280.78,1
B,1,281.25,0
B,1,282.71,1
B,1,283.05,0
B,1,286.21,1
B,1,286.41,0
B,1,286.47,1
B,1,304.37,0
B,1,307.42,1
B,1,307.5,0
B,1,312.03,1
B,1,312.2,0
B,1,312.56,1
B,1,312.73,0
B,1,313.16,1
B,1,313.64,0
B,1,315.34,1
B,1,315.7,0
B,1,317,1
B,1,319.41,0
B,1,322.91,1
B,1,327.45,0
B,1,328.23,1
B,1,329.56,0
B,1,329.65,1
B,1,330.19,0
B,1,332.74,1
B,1,333.63,0
B,1,334.58,1
B,1,336.28,0
B,1,336.38,1
B,1,336.49,0
B,1,337.48,1
B,1,339.32,0
B,1,340.94,1
B,1,343.65,0
B,1,343.81,1
B,1,344.11,0
B,1,344.65,1
B,1,348.03,0
B,1,348.18,1
B,1,349.25,0
B,1,350.42,1
B,1,350.77,0
B,1,350.95,1
B,1,351.5,0
B,1,352.09,1
B,1,353.32,0
B,1,354.56,1
B,1,356.67,0
B,1,358.97,1
B,1,359.1,0
B,1,361.09,1
B,1,362.23,0
B,1,362.35,1
B,1,362.44,0
B,1,363.79,1
B,1,365.74,0
B,1,366.75,1
B,1,373.25,0
B,1,376.8,1
B,1,386.57,0
B,1,389.85,1
B,1,389.91,0
B,1,390.2,1
B,1,390.53,0
B,1,394.97,1
B,1,395.1,0
B,1,398.43,1
B,1,403.53,0
B,1,405.3,1
B,1,405.71,0
B,1,406.18,1
B,1,411.25,0
B,1,413.64,1
B,1,419.71,0
B,1,420.9,1
B,1,421.24,0
B,1,425.67,1
B,1,428.21,0
B,1,434.51,1
B,1,434.72,0
B,1,434.98,1
B,1,436.35,0
B,1,441.49,1
B,1,441.89,0
B,1,443.51,1
B,1,445.35,0
B,1,446.32,1
B,1,449.77,0
B,1,453.95,1
B,1,453.97,0
B,1,455.48,1
B,1,456.72,0
B,1,457.31,1
B,1,458.01,0
B,1,460.92,1
B,1,461.23,0
B,1,461.41,1
B,1,464.55,0
B,1,465.82,1
B,1,466.51,0
B,1,467.84,1
B,1,469.58,0
B,1,475.03,1
B,1,475.13,0
B,1,475.8,1
B,1,476.1,0
B,1,477.6,1
B,1,478.46,0
B,1,478.48,1
B,1,478.93,0
B,1,479.41,1
B,1,479.46,0
B,1,479.92,1
B,2,0,0
B,2,0.02,1
B,2,0.34,0
B,2,5.63,1
B,2,5.78,0
B,2,6.95,1
B,2,8.37,0
B,2,9.07,1
B,2,9.15,0
B,2,10.84,1
B,2,16.23,0
B,2,18.75,1
B,2,19.7,0
B,2,23.96,1
B,2,35.63,0
B,2,36.2,1
B,2,36.47,0
B,2,40.49,1
B,2,41.1,0
B,2,41.63,1
B,2,42.27,0
B,2,47.5,1
B,2,48.13,0
B,2,48.36,1
B,2,49.46,0
B,2,52.6,1
B,2,54.37,0
B,2,63.23,1
B,2,63.3,0
B,2,65.96,1
B,2,66.16,0
B,2,67.77,1
B,2,68.29,0
B,2,75.25,1
B,2,75.57,0
B,2,75.8,1
B,2,75.85,0
B,2,75.94,1
B,2,78.83,0
B,2,80.11,1
B,2,80.16,0
B,2,80.18,1
B,2,81.44,0
B,2,82.35,1
B,2,84.25,0
B,2,89.67,1
B,2,102.1,0
B,2,103.56,1
B,2,108.75,0
B,2,110.47,1
B,2,110.76,0
B,2,111.52,1
B,2,114.04,0
B,2,114.35,1
B,2,115.34,0
B,2,116.17,1
B,2,117.02,0
B,2,118.1,1
B,2,118.13,0
B,2,119.85,1
B,2,123.37,0
B,2,123.5,1
B,2,123.57,0
B,2,124.21,1
B,2,126.35,0
B,2,126.84,1
B,2,127.01,0
B,2,132.87,1
B,2,133.46,0
B,2,133.66,1
B,2,137.08,0
B,2,137.41,1
B,2,138.86,0
B,2,140.91,1
B,2,145.34,0
B,2,146.29,1
B,2,147.13,0
B,2,148.29,1
B,2,148.86,0
B,2,152.9,1
B,2,156.21,0
B,2,156.6,1
B,2,156.67,0
B,2,158.23,1
B,2,158.63,0
B,2,160.74,1
B,2,160.88,0
B,2,167.45,1
B,2,178.66,0
B,2,178.9,1
B,2,178.92,0
B,2,179.46,1
B,2,182.61,0
B,2,183.87,1
B,2,185.82,0
B,2,186.63,1
B,2,186.9,0
B,2,189.62,1
B,2,190.23,0
B,2,191.28,1
B,2,191.62,0
B,2,192.91,1
B,2,194.08,0
B,2,195.74,1
B,2,203.95,0
B,2,204.97,1
B,2,205.22,0
B,2,206.31,1
B,2,207.75,0
B,2,208.44,1
B,2,208.81,0
B,2,209.51,1
B,2,211.86,0
B,2,216.38,1
B,2,219.9,0
B,2,222,1
B,2,223.7,0
B,2,223.93,1
B,2,224.38,0
B,2,226.19,1
B,2,227.13,0
B,2,230.61,1
B,2,230.63,0
B,2,234.2,1
B,2,234.56,0
B,2,234.71,1
B,2,236.42,0
B,2,237.43,1
B,2,239.94,0
B,2,240.02,1
B,2,240.05,0
B,2,241.07,1
B,2,241.32,0
B,2,241.44,1
B,2,241.72,0
B,2,242.4,1
B,2,244,0
B,2,251.52,1
B,2,251.92,0
B,2,253.2,1
B,2,255.7,0
B,2,256.06,1
B,2,258.06,0
B,2,260.2,1
B,2,260.63,0
B,2,261.59,1
B,2,262.27,0
B,2,267.62,1
B,2,272.53,0
B,2,275.45,1
B,2,289.85,0
B,2,290.25,1
B,2,290.42,0
B,2,290.58,1
B,2,292.42,0
B,2,296.07,1
B,2,297.1,0
B,2,298.35,1
B,2,304.06,0
B,2,310.4,1
B,2,311.42,0
B,2,311.65,1
B,2,313.13,0
B,2,317.59,1
B,2,317.59,0
B,2,318.21,1
B,2,318.39,0
B,2,323.16,1
B,2,323.31,0
B,2,324.28,1
B,2,324.56,0
B,2,327.13,1
B,2,327.63,0
B,2,327.8,1
B,2,329.21,0
B,2,330.67,1
B,2,331.24,0
B,2,331.89,1
B,2,335.44,0
B,2,335.82,1
B,2,337.08,0
B,2,338.68,1
B,2,339.68,0
B,2,340.02,1
B,2,340.75,0
B,2,344.85,1
B,2,345.41,0
B,2,348.09,1
B,2,348.52,0
B,2,348.85,1
B,2,349.66,0
B,2,355.99,1
B,2,356.79,0
B,2,357.13,1
B,2,357.57,0
B,2,362.87,1
B,2,363.56,0
B,2,365.72,1
B,2,368.4,0
B,2,369.58,1
B,2,371.26,0
B,2,371.43,1
B,2,371.64,0
B,2,373.09,1
B,2,375.09,0
B,2,375.6,1
B,2,375.66,0
B,2,378.96,1
B,2,379.04,0
B,2,380.07,1
B,2,380.4,0
B,2,382.26,1
B,2,383.76,0
B,2,384.71,1
B,2,398.38,0
B,2,399.41,1
B,2,422.42,0
B,2,423.74,1
B,2,423.92,0
B,2,425.57,1
B,2,429.6,0
B,2,429.74,1
B,2,429.76,0
B,2,430.6,1
B,2,431.52,0
B,2,431.74,1
B,2,432.11,0
B,2,432.34,1
B,2,432.57,0
B,2,434.01,1
B,2,435.58,0
B,2,437.2,1
B,2,437.24,0
B,2,437.59,1
B,2,439.49,0
B,2,441.46,1
B,2,441.98,0
B,2,444.28,1
B,2,444.68,0
B,2,451.44,1
B,2,453.06,0
B,2,455.82,1
B,2,456.1,0
B,2,456.42,1
B,2,457.09,0
B,2,459.52,1
B,3,0,0
B,3,1.46,1
B,3,1.92,0
B,3,2.96,1
B,3,3.01,0
B,3,3.58,1
B,3,11.38,0
B,3,15.73,1
B,3,22.1,0
B,3,26.94,1
B,3,27.19,0
B,3,29.78,1
B,3,30.21,0
B,3,40.13,1
B,3,41.05,0
B,3,42.12,1
B,3,42.54,0
B,3,44.84,1
B,3,44.99,0
B,3,46.04,1
B,3,46.05,0
B,3,46.09,1
B,3,47.59,0
B,3,49.61,1
B,3,50.86,0
B,3,52.32,1
B,3,52.5,0
B,3,53.17,1
B,3,55.09,0
B,3,57.4,1
B,3,60.26,0
B,3,62.45,1
B,3,63.59,0
B,3,64.54,1
B,3,65.69,0
B,3,67.14,1
B,3,67.97,0
B,3,69.66,1
B,3,70.68,0
B,3,71.01,1
B,3,71.51,0
B,3,72.02,1
B,3,72.72,0
B,3,75.79,1
B,3,75.99,0
B,3,76.99,1
B,3,77.27,0
B,3,82.24,1
B,3,84.76,0
B,3,88.39,1
B,3,88.66,0
B,3,89.86,1
B,3,90.34,0
B,3,97.17,1
B,3,97.99,0
B,3,98.6,1
B,3,98.95,0
B,3,99.16,1
B,3,99.49,0
B,3,100.43,1
B,3,101.69,0
B,3,104.12,1
B,3,105.25,0
B,3,108.08,1
B,3,108.14,0
B,3,111.25,1
B,3,115.41,0
B,3,120.56,1
B,3,121.78,0
B,3,122.67,1
B,3,122.77,0
B,3,125.4,1
B,3,126.04,0
B,3,128.15,1
B,3,128.3,0
B,3,129.12,1
B,3,130.34,0
B,3,131.21,1
B,3,143.35,0
B,3,147.75,1
B,3,161.05,0
B,3,161.57,1
B,3,163.06,0
B,3,164.97,1
B,3,165.74,0
B,3,166.61,1
B,3,168.77,0
B,3,168.82,1
B,3,176.29,0
B,3,176.38,1
B,3,177.13,0
B,3,180.18,1
B,3,180.67,0
B,3,181.47,1
B,3,187.04,0
B,3,187.05,1
B,3,187.3,0
B,3,187.47,1
B,3,187.92,0
B,3,193.55,1
B,3,194.34,0
B,3,197.83,1
B,3,199.03,0
B,3,199.92,1
B,3,201.82,0
B,3,202.35,1
B,3,202.46,0
B,3,203.86,1
B,3,205.91,0
B,3,206.72,1
B,3,207.49,0
B,3,207.89,1
B,3,208,0
B,3,208.35,1
B,3,208.57,0
B,3,212.15,1
B,3,213.36,0
B,3,217.5,1
B,3,219,0
B,3,219.65,1
B,3,220.21,0
B,3,221.11,1
B,3,223.53,0
B,3,224.37,1
B,3,224.58,0
B,3,227.18,1
B,3,227.97,0
B,3,230.1,1
B,3,231.03,0
B,3,231.27,1
B,3,231.28,0
B,3,232.48,1
B,3,232.63,0
B,3,235.45,1
B,3,236.07,0
B,3,237.44,1
B,3,237.74,0
B,3,241.12,1
B,3,241.77,0
B,3,244.44,1
B,3,244.65,0
B,3,247.01,1
B,3,247.23,0
B,3,248.19,1
B,3,250.67,0
B,3,250.72,1
B,3,251.34,0
B,3,252.86,1
B,3,254.9,0
B,3,255.52,1
B,3,257.07,0
B,3,260.28,1
B,3,260.67,0
B,3,261.08,1
B,3,266.51,0
B,3,267.95,1
B,3,270.75,0
B,3,274.54,1
B,3,274.74,0
B,3,276.45,1
B,3,278.16,0
B,3,280.18,1
B,3,280.74,0
B,3,281.67,1
B,3,282.16,0
B,3,282.24,1
B,3,282.68,0
B,3,284.68,1
B,3,284.9,0
B,3,286.13,1
B,3,290.28,0
B,3,290.57,1
B,3,290.58,0
B,3,293.84,1
B,3,294.09,0
B,3,294.62,1
B,3,294.96,0
B,3,295.73,1
B,3,295.81,0
B,3,296.09,1
B,3,298.16,0
B,3,300.7,1
B,3,300.75,0
B,3,302.74,1
B,3,305.44,0
B,3,311.46,1
B,3,311.46,0
B,3,312.97,1
B,3,313.28,0
B,3,315,1
B,3,316.06,0
B,3,316.49,1
B,3,316.62,0
B,3,321.62,1
B,3,322.11,0
B,3,323.81,1
B,3,324.44,0
B,3,325.34,1
B,3,325.55,0
B,3,327.77,1
B,3,329.62,0
B,3,329.79,1
B,3,330,0
B,3,337.97,1
B,3,338.59,0
B,3,346.32,1
B,3,351.29,0
B,3,354.17,1
B,3,356.9,0
B,3,358.59,1
B,3,358.92,0
B,3,359.13,1
B,3,359.34,0
B,3,363.9,1
B,3,364.82,0
B,3,366.51,1
B,3,367.71,0
B,3,371.17,1
B,3,371.63,0
B,3,375.92,1
B,3,376.64,0
B,3,384.14,1
B,3,384.9,0
B,3,386.07,1
B,3,386.09,0
B,3,389.54,1
B,3,389.65,0
B,3,391.87,1
B,3,391.9,0
B,3,393.81,1
B,3,397.2,0
B,3,397.97,1
B,3,398.12,0
B,3,399.86,1
B,3,401.06,0
B,3,406.57,1
B,3,407.11,0
B,3,408.51,1
B,3,408.84,0
B,3,409.61,1
B,3,423.2,0
B,3,423.87,1
B,3,425.58,0
B,3,427.83,1
B,3,427.92,0
B,3,431.56,1
B,3,433.34,0
B,3,434.76,1
B,3,453.03,0
B,3,454.6,1
B,3,456.71,0
B,3,457.77,1
B,3,458.06,0
B,3,464.16,1
B,3,465.5,0
B,3,465.88,1
B,3,467.74,0
B,3,469.37,1
B,3,469.77,0
B,3,469.81,1
B,3,470.26,0
B,3,470.35,1
B,3,472.65,0
B,3,474.7,1
B,3,474.85,0
B,3,474.99,1
B,3,475,0
B,3,476.04,1
B,3,479.5,0
B,4,0,0
B,4,0.74,1
B,4,3.85,0
B,4,4.2,1
B,4,4.4,0
B,4,4.92,1
B,4,5.41,0
B,4,12.58,1
B,4,13,0
B,4,19.21,1
B,4,22.46,0
B,4,23.03,1
B,4,23.9,0
B,4,26.41,1
B,4,30.8,0
B,4,35.65,1
B,4,35.68,0
B,4,36.56,1
B,4,40.15,0
B,4,44.03,1
B,4,48.12,0
B,4,50.14,1
B,4,50.18,0
B,4,51.44,1
B,4,69.66,0
B,4,73.03,1
B,4,78.2,0
B,4,79.24,1
B,4,80.07,0
B,4,82.05,1
B,4,82.42,0
B,4,86.8,1
B,4,87.48,0
B,4,90.98,1
B,4,94,0
B,4,98.92,1
B,4,99.9,0
B,4,100.82,1
B,4,102.41,0
B,4,102.63,1
B,4,102.89,0
B,4,104.01,1
B,4,112.26,0
B,4,114.75,1
B,4,118.79,0
B,4,120.89,1
B,4,120.91,0
B,4,121.03,1
B,4,121.88,0
B,4,125.1,1
B,4,125.22,0
B,4,129.25,1
B,4,138.89,0
B,4,141.92,1
B,4,145.97,0
B,4,149.52,1
B,4,150.69,0
B,4,156.56,1
B,4,156.87,0
B,4,160.21,1
B,4,160.55,0
B,4,160.67,1
B,4,163.67,0
B,4,164.48,1
B,4,175.37,0
B,4,179.49,1
B,4,180.13,0
B,4,180.98,1
B,4,183.4,0
B,4,184.3,1
B,4,192.76,0
B,4,194.54,1
B,4,195.01,0
B,4,197.09,1
B,4,199.26,0
B,4,199.88,1
B,4,206.56,0
B,4,208.97,1
B,4,209.03,0
B,4,210.22,1
B,4,211.4,0
B,4,211.97,1
B,4,213.33,0
B,4,213.9,1
B,4,215.46,0
B,4,216.54,1
B,4,218.46,0
B,4,221.1,1
B,4,222.14,0
B,4,222.31,1
B,4,226.64,0
B,4,228.18,1
B,4,229.47,0
B,4,230.18,1
B,4,231.76,0
B,4,233.82,1
B,4,236.13,0
B,4,236.59,1
B,4,239.23,0
B,4,240.52,1
B,4,241.5,0
B,4,241.97,1
B,4,242.12,0
B,4,242.59,1
B,4,242.89,0
B,4,250.8,1
B,4,251.29,0
B,4,251.74,1
B,4,254.23,0
B,4,254.5,1
B,4,254.58,0
B,4,254.7,1
B,4,258.45,0
B,4,259.64,1
B,4,259.7,0
B,4,261.32,1
B,4,261.49,0
B,4,264.65,1
B,4,264.77,0
B,4,265.55,1
B,4,266.02,0
B,4,270.54,1
B,4,273.02,0
B,4,273.2,1
B,4,273.93,0
B,4,276.01,1
B,4,276.06,0
B,4,283.14,1
B,4,285.78,0
B,4,286.77,1
B,4,288.74,0
B,4,289,1
B,4,289.12,0
B,4,292.13,1
B,4,294.41,0
B,4,295.37,1
B,4,295.98,0
B,4,296.24,1
B,4,303.72,0
B,4,303.96,1
B,4,305.11,0
B,4,305.23,1
B,4,306.07,0
B,4,309.39,1
B,4,310.3,0
B,4,312.52,1
B,4,314.88,0
B,4,316.22,1
B,4,317.24,0
B,4,317.35,1
B,4,317.75,0
B,4,321.1,1
B,4,322.19,0
B,4,324.11,1
B,4,325.69,0
B,4,326.74,1
B,4,328.19,0
B,4,330.25,1
B,4,331.39,0
B,4,332.66,1
B,4,333.69,0
B,4,336.15,1
B,4,336.23,0
B,4,338.33,1
B,4,338.53,0
B,4,338.89,1
B,4,339.87,0
B,4,339.95,1
B,4,343.49,0
B,4,347.45,1
B,4,348.8,0
B,4,349.28,1
B,4,351.64,0
B,4,354.81,1
B,4,356.36,0
B,4,357.5,1
B,4,357.67,0
B,4,357.78,1
B,4,357.92,0
B,4,359.12,1
B,4,359.59,0
B,4,366.18,1
B,4,366.25,0
B,4,378.28,1
B,4,379.17,0
B,4,381.23,1
B,4,381.26,0
B,4,386.64,1
B,4,387.32,0
B,4,388.1,1
B,4,390.17,0
B,4,390.2,1
B,4,390.49,0
B,4,392.33,1
B,4,417.61,0
B,4,421.01,1
B,4,432.12,0
B,4,432.97,1
B,4,433.02,0
B,4,437.37,1
B,4,466.69,0
B,4,469.01,1
B,4,469.14,0
B,4,469.33,1
B,4,470.16,0
B,5,0,0
B,5,1.1,1
B,5,1.94,0
B,5,4.22,1
B,5,4.51,0
B,5,6.15,1
B,5,6.71,0
B,5,7.98,1
B,5,10.64,0
B,5,12.77,1
B,5,14.22,0
B,5,17.29,1
B,5,17.91,0
B,5,21.33,1
B,5,22.49,0
B,5,23.06,1
B,5,23.72,0
B,5,25.71,1
B,5,26.06,0
B,5,26.26,1
B,5,28,0
B,5,29.88,1
B,5,30.06,0
B,5,35.24,1
B,5,44.18,0
B,5,50.21,1
B,5,60.31,0
B,5,62.82,1
B,5,65.56,0
B,5,68.79,1
B,5,72.26,0
B,5,72.53,1
B,5,73.16,0
B,5,74.48,1
B,5,75.37,0
B,5,76.35,1
B,5,85.49,0
B,5,85.62,1
B,5,87.03,0
B,5,87.94,1
B,5,88.02,0
B,5,88.34,1
B,5,91.36,0
B,5,93.22,1
B,5,93.84,0
B,5,96.21,1
B,5,96.9,0
B,5,98.36,1
B,5,98.82,0
B,5,99.17,1
B,5,99.22,0
B,5,100.25,1
B,5,100.49,0
B,5,103.43,1
B,5,103.72,0
B,5,105.63,1
B,5,106.67,0
B,5,112.17,1
B,5,112.44,0
B,5,112.57,1
B,5,113.06,0
B,5,116.4,1
B,5,117.06,0
B,5,119.24,1
B,5,121.94,0
B,5,122.97,1
B,5,125.72,0
B,5,129.07,1
B,5,129.13,0
B,5,129.47,1
B,5,131.57,0
B,5,135.85,1
B,5,136.48,0
B,5,137.42,1
B,5,137.62,0
B,5,138.94,1
B,5,139.1,0
B,5,141.35,1
B,5,142.05,0
B,5,142.84,1
B,5,143.05,0
B,5,143.74,1
B,5,144.44,0
B,5,158.04,1
B,5,158.73,0
B,5,159.97,1
B,5,161.44,0
B,5,162.9,1
B,5,163.34,0
B,5,170.28,1
B,5,170.58,0
B,5,175.78,1
B,5,178.85,0
B,5,181.92,1
B,5,184.49,0
B,5,188.24,1
B,5,195.5,0
B,5,200.44,1
B,5,201.43,0
B,5,202.09,1
B,5,204.66,0
B,5,206.82,1
B,5,207.67,0
B,5,208.63,1
B,5,210.55,0
B,5,212.02,1
B,5,223.37,0
B,5,223.85,1
B,5,226.68,0
B,5,228.72,1
B,5,229.13,0
B,5,230.78,1
B,5,231.17,0
B,5,244.69,1
B,5,245.89,0
B,5,249.01,1
B,5,252.9,0
B,5,253.76,1
B,5,254.49,0
B,5,254.77,1
B,5,256.11,0
B,5,257.83,1
B,5,258.27,0
B,5,258.87,1
B,5,259.87,0
B,5,267.59,1
B,5,267.63,0
B,5,268.02,1
B,5,269.12,0
B,5,269.62,1
B,5,270.16,0
B,5,271.25,1
B,5,275.76,0
B,5,278.43,1
B,5,278.44,0
B,5,278.71,1
B,5,281.4,0
B,5,282.65,1
B,5,283.45,0
B,5,291.99,1
B,5,292.6,0
B,5,293.52,1
B,5,295.88,0
B,5,296.27,1
B,5,307.03,0
B,5,315.22,1
B,5,315.37,0
B,5,317.27,1
B,5,317.7,0
B,5,317.73,1
B,5,318.27,0
B,5,320.98,1
B,5,323.36,0
B,5,323.72,1
B,5,323.81,0
B,5,326.33,1
B,5,327.08,0
B,5,327.21,1
B,5,327.27,0
B,5,327.66,1
B,5,327.77,0
B,5,328.19,1
B,5,329.36,0
B,5,329.63,1
B,5,329.8,0
B,5,332.83,1
B,5,333.67,0
B,5,338.09,1
B,5,341.41,0
B,5,341.74,1
B,5,344.74,0
B,5,344.93,1
B,5,345.18,0
B,5,347.85,1
B,5,349.28,0
B,5,349.55,1
B,5,361.08,0
B,5,361.3,1
B,5,361.99,0
B,5,363.2,1
B,5,363.36,0
B,5,365.89,1
B,5,367.75,0
B,5,369.62,1
B,5,370.83,0
B,5,373.41,1
B,5,377.41,0
B,5,377.61,1
B,5,377.62,0
B,5,382.38,1
B,5,382.57,0
B,5,382.7,1
B,5,382.85,0
B,5,383.08,1
B,5,384.16,0
B,5,385.62,1
B,5,385.69,0
B,5,388.57,1
B,5,388.96,0
B,5,389.73,1
B,5,390.99,0
B,5,392.31,1
B,5,392.77,0
B,5,392.87,1
B,5,393.93,0
B,5,395.4,1
B,5,396.12,0
B,5,397.85,1
B,5,398.27,0
B,5,401.54,1
B,5,415.93,0
B,5,417.31,1
B,5,418.15,0
B,5,418.68,1
B,5,418.71,0
B,5,420,1
B,5,421.4,0
B,5,421.44,1
B,5,422.81,0
B,5,423.25,1
B,5,423.26,0
B,5,424.54,1
B,5,425.66,0
B,5,428.37,1
B,5,428.66,0
B,5,431.01,1
B,5,431.15,0
B,5,432.25,1
B,5,461.92,0
B,5,462.32,1
B,5,464.45,0
B,5,464.98,1
B,5,465.11,0
B,5,465.6,1
B,5,467.2,0
B,5,473.38,1
B,5,474.22,0
B,5,474.35,1
B,5,475.5,0
B,5,476.33,1
B,5,478.36,0
B,6,0,0
B,6,0.26,1
B,6,0.37,0
B,6,1.72,1
B,6,2.27,0
B,6,5.75,1
B,6,6.79,0
B,6,9.35,1
B,6,9.66,0
B,6,12.63,1
B,6,14.61,0
B,6,25.45,1
B,6,26.51,0
B,6,27.94,1
B,6,27.99,0
B,6,30.29,1
B,6,31.46,0
B,6,33.24,1
B,6,33.46,0
B,6,35.78,1
B,6,43.85,0
B,6,44.29,1
B,6,45.4,0
B,6,48.82,1
B,6,49.18,0
B,6,49.33,1
B,6,55.98,0
B,6,60.57,1
B,6,60.95,0
B,6,63.75,1
B,6,63.86,0
B,6,64,1
B,6,64.49,0
B,6,64.84,1
B,6,65.79,0
B,6,68.18,1
B,6,68.69,0
B,6,71.39,1
B,6,74.02,0
B,6,74.3,1
B,6,74.87,0
B,6,82.68,1
B,6,84.84,0
B,6,85.47,1
B,6,85.95,0
B,6,88.52,1
B,6,88.57,0
B,6,89.76,1
B,6,90.81,0
B,6,92.61,1
B,6,93.07,0
B,6,97.38,1
B,6,100.79,0
B,6,101.04,1
B,6,101.64,0
B,6,102.58,1
B,6,103.08,0
B,6,106.13,1
B,6,107.08,0
B,6,107.16,1
B,6,107.29,0
B,6,107.53,1
B,6,113.33,0
B,6,115.01,1
B,6,116.27,0
B,6,118.07,1
B,6,119.22,0
B,6,119.45,1
B,6,119.53,0
B,6,120.26,1
B,6,121.23,0
B,6,126.58,1
B,6,126.93,0
B,6,127.48,1
B,6,128.19,0
B,6,130,1
B,6,132.84,0
B,6,134.52,1
B,6,135.57,0
B,6,137.3,1
B,6,139.04,0
B,6,139.48,1
B,6,139.84,0
B,6,142.53,1
B,6,142.9,0
B,6,145.56,1
B,6,147.9,0
B,6,148.85,1
B,6,168.49,0
B,6,169.2,1
B,6,186.16,0
B,6,186.91,1
B,6,191.85,0
B,6,192.74,1
B,6,199.34,0
B,6,200.51,1
B,6,201.01,0
B,6,202.1,1
B,6,202.2,0
B,6,206.24,1
B,6,208.84,0
B,6,210.83,1
B,6,211.66,0
B,6,212.51,1
B,6,212.68,0
B,6,216.28,1
B,6,217.73,0
B,6,218.83,1
B,6,219.11,0
B,6,219.81,1
B,6,220.12,0
B,6,220.46,1
B,6,221.44,0
B,6,225.75,1
B,6,227.65,0
B,6,228.49,1
B,6,228.54,0
B,6,230.69,1
B,6,231.25,0
B,6,232.03,1
B,6,232.46,0
B,6,233.19,1
B,6,233.45,0
B,6,236.27,1
B,6,238.03,0
B,6,241.51,1
B,6,242.43,0
B,6,242.45,1
B,6,243.76,0
B,6,244.89,1
B,6,245.16,0
B,6,247.8,1
B,6,250.49,0
B,6,253.28,1
B,6,253.7,0
B,6,258.35,1
B,6,258.49,0
B,6,258.63,1
B,6,264.94,0
B,6,266.24,1
B,6,266.62,0
B,6,268.57,1
B,6,275.86,0
B,6,276.19,1
B,6,277.01,0
B,6,282.35,1
B,6,282.81,0
B,6,282.85,1
B,6,283.77,0
B,6,284.79,1
B,6,285.62,0
B,6,286.87,1
B,6,286.94,0
B,6,288.91,1
B,6,289.81,0
B,6,290.73,1
B,6,290.8,0
B,6,290.88,1
B,6,291,0
B,6,291.37,1
B,6,291.41,0
B,6,291.53,1
B,6,291.81,0
B,6,293.21,1
B,6,294.1,0
B,6,296.4,1
B,6,297.67,0
B,6,298.37,1
B,6,299.29,0
B,6,300.18,1
B,6,301.07,0
B,6,303.38,1
B,6,304.41,0
B,6,304.58,1
B,6,305.27,0
B,6,306.61,1
B,6,307.26,0
B,6,309.9,1
B,6,310.94,0
B,6,311.54,1
B,6,312.76,0
B,6,325.41,1
B,6,327.41,0
B,6,328.48,1
B,6,331.7,0
B,6,331.83,1
B,6,332.01,0
B,6,332.02,1
B,6,333.6,0
B,6,335,1
B,6,335.9,0
B,6,338.2,1
B,6,338.87,0
B,6,339.82,1
B,6,342.83,0
B,6,348.16,1
B,6,349.08,0
B,6,349.65,1
B,6,353.07,0
B,6,353.41,1
B,6,354.07,0
B,6,354.5,1
B,6,354.93,0
B,6,357.47,1
B,6,358.35,0
B,6,361.77,1
B,6,364.21,0
B,6,368.58,1
B,6,368.73,0
B,6,372.24,1
B,6,372.55,0
B,6,374.59,1
B,6,378.34,0
B,6,380.49,1
B,6,381.46,0
B,6,382.21,1
B,6,382.37,0
B,6,384.29,1
B,6,384.48,0
B,6,385.8,1
B,6,401.56,0
B,6,402.07,1
B,6,402.76,0
B,6,405.12,1
B,6,405.28,0
B,6,410,1
B,6,410.38,0
B,6,414.26,1
B,6,419.26,0
B,6,419.5,1
B,6,421.07,0
B,6,422.03,1
B,6,422.19,0
B,6,422.69,1
B,6,429.73,0
B,6,431.01,1
B,6,432.91,0
B,6,434.3,1
B,6,437.75,0
B,6,438.02,1
B,6,439.51,0
B,6,440.64,1
B,6,441.53,0
B,6,441.69,1
B,6,443.02,0
B,6,444.96,1
B,6,445.02,0
B,6,445.16,1
B,6,447.78,0
B,6,448.12,1
B,6,448.16,0
B,6,448.55,1
B,6,448.93,0
B,6,448.98,1
B,6,449.32,0
B,6,450.77,1
B,6,450.95,0
B,6,451.16,1
B,6,457.61,0
B,6,461.78,1
B,6,468.6,0
B,6,469.42,1
B,6,469.73,0
B,6,472.48,1
B,6,473.2,0
B,6,475.55,1
B,6,478.17,0
B,7,0,0
B,7,1.31,1
B,7,3.22,0
B,7,8.27,1
B,7,8.59,0
B,7,9.69,1
B,7,16.6,0
B,7,20.35,1
B,7,21.91,0
B,7,27.25,1
B,7,29.08,0
B,7,30.1,1
B,7,30.94,0
B,7,32.81,1
B,7,34.15,0
B,7,38.02,1
B,7,43.25,0
B,7,44.09,1
B,7,44.47,0
B,7,47.78,1
B,7,50.58,0
B,7,51.46,1
B,7,52.23,0
B,7,54,1
B,7,54.1,0
B,7,54.42,1
B,7,55.43,0
B,7,55.49,1
B,7,55.91,0
B,7,61.13,1
B,7,62,0
B,7,63.41,1
B,7,63.5,0
B,7,63.99,1
B,7,64.77,0
B,7,65.7,1
B,7,66.05,0
B,7,66.07,1
B,7,73.97,0
B,7,78.34,1
B,7,78.48,0
B,7,82.03,1
B,7,83.42,0
B,7,83.85,1
B,7,85.59,0
B,7,89.28,1
B,7,97.24,0
B,7,98.37,1
B,7,98.52,0
B,7,98.83,1
B,7,100.17,0
B,7,104.11,1
B,7,104.2,0
B,7,104.95,1
B,7,105.27,0
B,7,107.14,1
B,7,107.48,0
B,7,108.88,1
B,7,109.33,0
B,7,120.72,1
B,7,122.5,0
B,7,125.04,1
B,7,128.8,0
B,7,132.34,1
B,7,132.67,0
B,7,133.19,1
B,7,133.5,0
B,7,137.24,1
B,7,137.24,0
B,7,138.58,1
B,7,143.78,0
B,7,150.61,1
B,7,153.53,0
B,7,153.95,1
B,7,154.7,0
B,7,157.78,1
B,7,158.41,0
B,7,159.76,1
B,7,162.83,0
B,7,164.47,1
B,7,167.87,0
B,7,169.58,1
B,7,170.94,0
B,7,172.65,1
B,7,174.85,0
B,7,178.95,1
B,7,179.39,0
B,7,182.3,1
B,7,193.87,0
B,7,199.87,1
B,7,203.53,0
B,7,208.38,1
B,7,213.72,0
B,7,220.71,1
B,7,220.82,0
B,7,222.35,1
B,7,224.23,0
B,7,224.64,1
B,7,224.9,0
B,7,226.29,1
B,7,229.52,0
B,7,229.53,1
B,7,234.96,0
B,7,236.12,1
B,7,237.08,0
B,7,237.12,1
B,7,239.24,0
B,7,243.91,1
B,7,245.53,0
B,7,245.79,1
B,7,247.85,0
B,7,248.4,1
B,7,252.29,0
B,7,254.33,1
B,7,255.43,0
B,7,256.4,1
B,7,258.04,0
B,7,258.94,1
B,7,260.62,0
B,7,262.43,1
B,7,262.6,0
B,7,263.58,1
B,7,263.64,0
B,7,264.75,1
B,7,265.8,0
B,7,266.57,1
B,7,267.01,0
B,7,268.8,1
B,7,270.48,0
B,7,273.52,1
B,7,273.69,0
B,7,280.43,1
B,7,281.06,0
B,7,281.87,1
B,7,284.73,0
B,7,287.25,1
B,7,287.94,0
B,7,287.99,1
B,7,290.08,0
B,7,294.46,1
B,7,294.97,0
B,7,295.03,1
B,7,299.38,0
B,7,301.1,1
B,7,301.85,0
B,7,302.84,1
B,7,303.74,0
B,7,304.15,1
B,7,308.12,0
B,7,312.93,1
B,7,321.56,0
B,7,323.26,1
B,7,325.43,0
B,7,325.58,1
B,7,326.42,0
B,7,327.5,1
B,7,341,0
B,7,343.8,1
B,7,344.2,0
B,7,344.2,1
B,7,344.38,0
B,7,345.23,1
B,7,345.24,0
B,7,346.55,1
B,7,346.88,0
B,7,347.7,1
B,7,348.36,0
B,7,353.63,1
B,7,359.38,0
B,7,366.15,1
B,7,368.11,0
B,7,373.17,1
B,7,374.99,0
B,7,375.26,1
B,7,375.91,0
B,7,377.04,1
B,7,377.12,0
B,7,379.13,1
B,7,380.09,0
B,7,383.73,1
B,7,383.81,0
B,7,389,1
B,7,389.59,0
B,7,390.66,1
B,7,391.66,0
B,7,394.35,1
B,7,394.6,0
B,7,394.99,1
B,7,397.71,0
B,7,406.22,1
B,7,406.68,0
B,7,410.96,1
B,7,411.36,0
B,7,413.32,1
B,7,413.51,0
B,7,414.07,1
B,7,414.63,0
B,7,415.24,1
B,7,416.77,0
B,7,418.69,1
B,7,418.75,0
B,7,418.85,1
B,7,418.85,0
B,7,419.05,1
B,7,419.26,0
B,7,421.33,1
B,7,422.07,0
B,7,424.28,1
B,7,425.56,0
B,7,427.6,1
B,7,429.4,0
B,7,430.32,1
B,7,431.28,0
B,7,433.58,1
B,7,439.8,0
B,7,444.85,1
B,7,444.96,0
B,7,445.31,1
B,7,447.34,0
B,7,447.52,1
B,7,447.99,0
B,7,451.15,1
B,7,451.64,0
B,7,451.77,1
B,7,452.11,0
B,7,452.83,1
B,7,453.09,0
B,7,455.9,1
B,7,459.89,0
B,7,461.14,1
B,7,462.06,0
B,7,462.79,1
B,7,463.05,0
B,7,464.96,1
B,7,466.79,0
B,7,467.93,1
B,7,468.47,0
B,7,471.49,1
B,7,471.85,0
B,7,473.51,1
B,7,474.03,0
B,7,474.67,1
B,7,475.11,0
B,7,475.15,1
B,7,477.09,0
B,8,0,0
B,8,2.42,1
B,8,2.65,0
B,8,7.68,1
B,8,8.13,0
B,8,8.63,1
B,8,9.57,0
B,8,10.13,1
B,8,11.02,0
B,8,14.04,1
B,8,14.4,0
B,8,14.75,1
B,8,16,0
B,8,17.73,1
B,8,23.17,0
B,8,23.95,1
B,8,24.02,0
B,8,25.21,1
B,8,25.23,0
B,8,26.48,1
B,8,26.96,0
B,8,28.81,1
B,8,29.54,0
B,8,30.3,1
B,8,30.6,0
B,8,32.06,1
B,8,34.16,0
B,8,35.88,1
B,8,36.78,0
B,8,37.09,1
B,8,45.69,0
B,8,46.09,1
B,8,51.21,0
B,8,51.53,1
B,8,53.96,0
B,8,57.67,1
B,8,62.24,0
B,8,66.82,1
B,8,67.57,0
B,8,68.65,1
B,8,68.73,0
B,8,68.85,1
B,8,69.36,0
B,8,74.77,1
B,8,74.81,0
B,8,75.99,1
B,8,76.53,0
B,8,77.77,1
B,8,77.89,0
B,8,80.99,1
B,8,83.63,0
B,8,84.6,1
B,8,85.28,0
B,8,87.75,1
B,8,88.61,0
B,8,93.1,1
B,8,93.76,0
B,8,99.89,1
B,8,100.93,0
B,8,101.59,1
B,8,103.11,0
B,8,106.58,1
B,8,107.76,0
B,8,107.86,1
B,8,111,0
B,8,112.74,1
B,8,113.19,0
B,8,114.08,1
B,8,131.69,0
B,8,132.12,1
B,8,135.59,0
B,8,136.1,1
B,8,138.3,0
B,8,149.33,1
B,8,157.09,0
B,8,158.57,1
B,8,179.92,0
B,8,189.84,1
B,8,196.31,0
B,8,196.34,1
B,8,197.85,0
B,8,197.89,1
B,8,198.62,0
B,8,200.84,1
B,8,201.01,0
B,8,203.96,1
B,8,204.74,0
B,8,205.13,1
B,8,206.1,0
B,8,206.52,1
B,8,211.04,0
B,8,211.2,1
B,8,213.03,0
B,8,216.78,1
B,8,233.34,0
B,8,233.72,1
B,8,233.76,0
B,8,235.13,1
B,8,235.44,0
B,8,237.4,1
B,8,252.44,0
B,8,254.08,1
B,8,254.36,0
B,8,255.68,1
B,8,269.26,0
B,8,269.61,1
B,8,269.93,0
B,8,270.39,1
B,8,271,0
B,8,271.69,1
B,8,272.08,0
B,8,280.1,1
B,8,281.01,0
B,8,284.43,1
B,8,284.66,0
B,8,287.22,1
B,8,287.47,0
B,8,290.99,1
B,8,291.28,0
B,8,291.83,1
B,8,291.85,0
B,8,295.13,1
B,8,296.81,0
B,8,299.26,1
B,8,300.81,0
B,8,301.6,1
B,8,303.55,0
B,8,306.32,1
B,8,306.97,0
B,8,307.94,1
B,8,321.62,0
B,8,322.41,1
B,8,322.58,0
B,8,323.93,1
B,8,325.41,0
B,8,334.37,1
B,8,334.51,0
B,8,334.59,1
B,8,368.67,0
B,8,372.07,1
B,8,372.19,0
B,8,372.32,1
B,8,372.78,0
B,8,374.06,1
B,8,375.44,0
B,8,378.76,1
B,8,382.02,0
B,8,382.16,1
B,8,382.92,0
B,8,383.96,1
B,8,384.8,0
B,8,386.45,1
B,8,387.73,0
B,8,388.06,1
B,8,388.76,0
B,8,392.69,1
B,8,393.28,0
B,8,393.74,1
B,8,395,0
B,8,396.5,1
B,8,396.56,0
B,8,396.98,1
B,8,399.08,0
B,8,400.55,1
B,8,400.88,0
B,8,402.79,1
B,8,403.09,0
B,8,404.11,1
B,8,417.75,0
B,8,417.91,1
B,8,423.73,0
B,8,429.05,1
B,8,429.54,0
B,8,431.94,1
B,8,432.56,0
B,8,435.43,1
B,8,439.36,0
B,8,441.8,1
B,8,453.84,0
B,8,456.52,1
B,8,457.06,0
B,8,458.06,1
B,8,459.03,0
B,8,459.39,1
B,8,461.94,0
B,8,463.03,1
B,8,469.53,0
B,8,472.83,1
B,9,0,0
B,9,0.02,1
B,9,0.43,0
B,9,0.7,1
B,9,0.76,0
B,9,5.61,1
B,9,13.04,0
B,9,13.23,1
B,9,13.26,0
B,9,16.9,1
B,9,18.2,0
B,9,20.54,1
B,9,22.32,0
B,9,24.17,1
B,9,25.99,0
B,9,27.15,1
B,9,27.68,0
B,9,29.11,1
B,9,29.29,0
B,9,31.81,1
B,9,33.59,0
B,9,43.4,1
B,9,44.51,0
B,9,48.59,1
B,9,49.01,0
B,9,50.65,1
B,9,51.66,0
B,9,52.15,1
B,9,56.68,0
B,9,57.54,1
B,9,57.8,0
B,9,59.93,1
B,9,61.45,0
B,9,63.67,1
B,9,63.8,0
B,9,64.62,1
B,9,65.3,0
B,9,67.02,1
B,9,70.57,0
B,9,74.31,1
B,9,75.06,0
B,9,76.76,1
B,9,79.75,0
B,9,80.48,1
B,9,85.2,0
B,9,90.12,1
B,9,91.77,0
B,9,91.83,1
B,9,92.65,0
B,9,94.7,1
B,9,95.74,0
B,9,96.16,1
B,9,98.57,0
B,9,100.16,1
B,9,100.17,0
B,9,100.63,1
B,9,101.1,0
B,9,101.75,1
B,9,102.01,0
B,9,103.08,1
B,9,103.55,0
B,9,104.33,1
B,9,104.35,0
B,9,104.93,1
B,9,105.21,0
B,9,105.92,1
B,9,117.6,0
B,9,118.13,1
B,9,120.24,0
B,9,120.96,1
B,9,123.13,0
B,9,123.17,1
B,9,123.19,0
B,9,126.81,1
B,9,130.26,0
B,9,135.47,1
B,9,136.47,0
B,9,140.09,1
B,9,143.95,0
B,9,143.98,1
B,9,146.19,0
B,9,152.93,1
B,9,153.56,0
B,9,155.32,1
B,9,155.6,0
B,9,157.2,1
B,9,160.89,0
B,9,162.49,1
B,9,164.05,0
B,9,165.08,1
B,9,165.89,0
B,9,167.09,1
B,9,167.11,0
B,9,169.1,1
B,9,169.11,0
B,9,172.36,1
B,9,175.92,0
B,9,180.24,1
B,9,180.25,0
B,9,181.04,1
B,9,181.32,0
B,9,181.47,1
B,9,182.57,0
B,9,184.45,1
B,9,212.72,0
B,9,213.14,1
B,9,224.07,0
B,9,224.21,1
B,9,226.5,0
B,9,232.53,1
B,9,232.76,0
B,9,233.37,1
B,9,236.67,0
B,9,241.04,1
B,9,241.28,0
B,9,241.58,1
B,9,243.54,0
B,9,244.15,1
B,9,245.51,0
B,9,247.19,1
B,9,256.47,0
B,9,270.12,1
B,9,272.44,0
B,9,273.48,1
B,9,274.85,0
B,9,281.12,1
B,9,281.27,0
B,9,282.25,1
B,9,282.31,0
B,9,283.19,1
B,9,289.01,0
B,9,291.85,1
B,9,296.38,0
B,9,296.96,1
B,9,300.78,0
B,9,301.5,1
B,9,301.73,0
B,9,303.1,1
B,9,304.24,0
B,9,306.5,1
B,9,306.76,0
B,9,307.27,1
B,9,308.37,0
B,9,310.98,1
B,9,311.63,0
B,9,313.33,1
B,9,313.38,0
B,9,315.74,1
B,9,317.36,0
B,9,317.41,1
B,9,317.86,0
B,9,318.2,1
B,9,319.28,0
B,9,320.21,1
B,9,320.59,0
B,9,323.87,1
B,9,326.04,0
B,9,329.34,1
B,9,329.5,0
B,9,330.82,1
B,9,331.42,0
B,9,335.25,1
B,9,336.7,0
B,9,337.43,1
B,9,337.44,0
B,9,346.44,1
B,9,346.9,0
B,9,349.89,1
B,9,357.25,0
B,9,358.51,1
B,9,363.58,0
B,9,368.66,1
B,9,368.76,0
B,9,373.94,1
B,9,381.64,0
B,9,382.39,1
B,9,382.4,0
B,9,385.92,1
B,9,390.11,0
B,9,395.66,1
B,9,397.13,0
B,9,399.76,1
B,9,400.45,0
B,9,400.79,1
B,9,401.17,0
B,9,402.67,1
B,9,403.24,0
B,9,407.49,1
B,9,409.39,0
B,9,409.54,1
B,9,417.09,0
B,9,421.75,1
B,9,422.82,0
B,9,423.72,1
B,9,426.83,0
B,9,426.87,1
B,9,427.35,0
B,9,427.87,1
B,9,427.88,0
B,9,429.56,1
B,9,435.26,0
B,9,436.03,1
B,9,436.04,0
B,9,437.57,1
B,9,437.7,0
B,9,440.27,1
B,9,449.58,0
B,9,454.06,1
B,9,454.23,0
B,9,455.14,1
B,9,471.72,0
B,9,479.35,1
B,10,0,0
B,10,3.11,1
B,10,3.12,0
B,10,3.53,1
B,10,4.58,0
B,10,5.48,1
B,10,6.5,0
B,10,12.25,1
B,10,19.2,0
B,10,21.05,1
B,10,22.94,0
B,10,26.03,1
B,10,26.19,0
B,10,26.51,1
B,10,28.29,0
B,10,29.21,1
B,10,31.05,0
B,10,32.36,1
B,10,37.39,0
B,10,37.72,1
B,10,37.99,0
B,10,38.66,1
B,10,38.74,0
B,10,40.97,1
B,10,47.86,0
B,10,49.03,1
B,10,49.85,0
B,10,52.74,1
B,10,53.38,0
B,10,54.42,1
B,10,54.45,0
B,10,57.3,1
B,10,57.37,0
B,10,64.04,1
B,10,64.48,0
B,10,66.69,1
B,10,67.21,0
B,10,68.09,1
B,10,68.72,0
B,10,68.76,1
B,10,68.85,0
B,10,70.63,1
B,10,70.68,0
B,10,73.3,1
B,10,76.66,0
B,10,77.53,1
B,10,78.45,0
B,10,81.56,1
B,10,82.1,0
B,10,85.3,1
B,10,87.5,0
B,10,89.01,1
B,10,93.35,0
B,10,94.44,1
B,10,94.44,0
B,10,95.39,1
B,10,95.75,0
B,10,96.69,1
B,10,98.47,0
B,10,99.22,1
B,10,100.54,0
B,10,109.88,1
B,10,110.1,0
B,10,112.01,1
B,10,113.53,0
B,10,113.9,1
B,10,114.25,0
B,10,118.84,1
B,10,119.48,0
B,10,123.43,1
B,10,124.06,0
B,10,124.33,1
B,10,124.75,0
B,10,125.21,1
B,10,125.52,0
B,10,126.82,1
B,10,127.63,0
B,10,127.71,1
B,10,129.05,0
B,10,129.77,1
B,10,137,0
B,10,137.38,1
B,10,137.92,0
B,10,142.34,1
B,10,144.43,0
B,10,144.5,1
B,10,144.65,0
B,10,147.32,1
B,10,148.08,0
B,10,151.72,1
B,10,152.35,0
B,10,152.42,1
B,10,153.14,0
B,10,159.75,1
B,10,162.28,0
B,10,164.43,1
B,10,164.88,0
B,10,165.37,1
B,10,167.18,0
B,10,169.46,1
B,10,171.37,0
B,10,173.21,1
B,10,204.11,0
B,10,204.48,1
B,10,218.35,0
B,10,219.26,1
B,10,221.46,0
B,10,222.42,1
B,10,222.68,0
B,10,229.75,1
B,10,230.13,0
B,10,234.46,1
B,10,235.25,0
B,10,239.76,1
B,10,249.26,0
B,10,249.4,1
B,10,251.81,0
B,10,252.32,1
B,10,252.52,0
B,10,252.69,1
B,10,252.99,0
B,10,256.66,1
B,10,257.02,0
B,10,259.87,1
B,10,263.07,0
B,10,265.19,1
B,10,266.22,0
B,10,269.07,1
B,10,271.1,0
B,10,271.71,1
B,10,271.88,0
B,10,273.32,1
B,10,273.73,0
B,10,276.04,1
B,10,279.69,0
B,10,281.52,1
B,10,281.66,0
B,10,281.78,1
B,10,286.87,0
B,10,287.08,1
B,10,288.07,0
B,10,289.13,1
B,10,289.27,0
B,10,290.41,1
B,10,293.42,0
B,10,293.91,1
B,10,293.94,0
B,10,294.39,1
B,10,295.65,0
B,10,296.8,1
B,10,296.86,0
B,10,297.44,1
B,10,298.33,0
B,10,298.43,1
B,10,299.2,0
B,10,299.55,1
B,10,299.84,0
B,10,301.69,1
B,10,302.45,0
B,10,304.52,1
B,10,304.79,0
B,10,304.85,1
B,10,305.01,0
B,10,305.87,1
B,10,308.25,0
B,10,309.94,1
B,10,310.22,0
B,10,320.67,1
B,10,321.42,0
B,10,328.86,1
B,10,329.95,0
B,10,330.69,1
B,10,330.89,0
B,10,330.99,1
B,10,332.05,0
B,10,333.39,1
B,10,337.11,0
B,10,339.72,1
B,10,340.86,0
B,10,341.98,1
B,10,342.55,0
B,10,347.02,1
B,10,347.76,0
B,10,347.77,1
B,10,349.9,0
B,10,352.94,1
B,10,353.47,0
B,10,355.72,1
B,10,355.97,0
B,10,356.55,1
B,10,357,0
B,10,357.3,1
B,10,357.51,0
B,10,361.94,1
B,10,362.56,0
B,10,363.48,1
B,10,367.15,0
B,10,369.43,1
B,10,374.64,0
B,10,375.8,1
B,10,376.91,0
B,10,377.59,1
B,10,378.15,0
B,10,383.3,1
B,10,385.88,0
B,10,387.49,1
B,10,394.55,0
B,10,396.15,1
B,10,396.74,0
B,10,399.03,1
B,10,399.08,0
B,10,401.22,1
B,10,401.94,0
B,10,402.39,1
B,10,406.61,0
B,10,411.67,1
B,10,412.2,0
B,10,414.07,1
B,10,414.72,0
B,10,415.52,1
B,10,423.6,0
B,10,425.14,1
B,10,426.18,0
B,10,427.64,1
B,10,427.82,0
B,10,430.75,1
B,10,436.62,0
B,10,436.93,1
B,10,440.23,0
B,10,440.67,1
B,10,447.25,0
B,10,447.58,1
B,10,448.14,0
B,10,448.58,1
B,10,453.53,0
B,10,455.78,1
B,10,458.74,0
B,10,459.08,1
B,10,459.65,0
B,10,460.56,1
B,10,460.62,0
B,10,461.2,1
B,10,464.25,0
B,10,464.53,1
B,10,469.74,0
B,10,470.11,1
B,11,0,0
B,11,1.08,1
B,11,1.4,0
B,11,1.73,1
B,11,2.87,0
B,11,6.18,1
B,11,7.63,0
B,11,8.61,1
B,11,8.8,0
B,11,10.48,1
B,11,11.25,0
B,11,13.48,1
B,11,33.97,0
B,11,35.64,1
B,11,37.38,0
B,11,40.29,1
B,11,40.31,0
B,11,45.11,1
B,11,45.2,0
B,11,48.96,1
B,11,56,0
B,11,57.23,1
B,11,59.94,0
B,11,61.93,1
B,11,62.46,0
B,11,64.42,1
B,11,64.72,0
B,11,66.52,1
B,11,67.17,0
B,11,69.49,1
B,11,70.9,0
B,11,71.86,1
B,11,76.26,0
B,11,77.78,1
B,11,79.35,0
B,11,80.74,1
B,11,81.21,0
B,11,81.27,1
B,11,82.69,0
B,11,83.63,1
B,11,84.27,0
B,11,84.61,1
B,11,84.77,0
B,11,87.9,1
B,11,88.05,0
B,11,88.55,1
B,11,88.65,0
B,11,88.86,1
B,11,89.48,0
B,11,94.49,1
B,11,94.83,0
B,11,100.16,1
B,11,100.28,0
B,11,100.72,1
B,11,105.23,0
B,11,109.48,1
B,11,109.87,0
B,11,111.15,1
B,11,111.25,0
B,11,112.55,1
B,11,113.53,0
B,11,116.23,1
B,11,116.62,0
B,11,124.43,1
B,11,124.91,0
B,11,125.2,1
B,11,128.13,0
B,11,129.05,1
B,11,129.67,0
B,11,135.88,1
B,11,136.34,0
B,11,147,1
B,11,147.22,0
B,11,151.13,1
B,11,153.63,0
B,11,160.28,1
B,11,166.46,0
B,11,168.05,1
B,11,168.17,0
B,11,168.22,1
B,11,170.55,0
B,11,170.87,1
B,11,173.86,0
B,11,174.47,1
B,11,176.14,0
B,11,183.01,1
B,11,188.96,0
B,11,189.05,1
B,11,196.31,0
B,11,196.63,1
B,11,196.74,0
B,11,199.73,1
B,11,200.5,0
B,11,203.22,1
B,11,204.96,0
B,11,206.59,1
B,11,206.95,0
B,11,213.06,1
B,11,213.45,0
B,11,213.71,1
B,11,219.08,0
B,11,222.68,1
B,11,222.93,0
B,11,225.84,1
B,11,226.13,0
B,11,227.4,1
B,11,230.96,0
B,11,231.28,1
B,11,231.56,0
B,11,232.69,1
B,11,237.45,0
B,11,244.38,1
B,11,245.56,0
B,11,250.55,1
B,11,251.66,0
B,11,255.59,1
B,11,256.88,0
B,11,262.33,1
B,11,262.88,0
B,11,269.22,1
B,11,269.81,0
B,11,269.95,1
B,11,280.17,0
B,11,283.49,1
B,11,283.92,0
B,11,285.48,1
B,11,292.49,0
B,11,297.8,1
B,11,301.64,0
B,11,303.02,1
B,11,303.96,0
B,11,306.05,1
B,11,307.28,0
B,11,309.78,1
B,11,312.15,0
B,11,313.26,1
B,11,315.47,0
B,11,316.15,1
B,11,318.03,0
B,11,319.31,1
B,11,320.76,0
B,11,321.39,1
B,11,321.56,0
B,11,321.91,1
B,11,322.84,0
B,11,322.97,1
B,11,324.67,0
B,11,325.27,1
B,11,325.97,0
B,11,326.93,1
B,11,329.12,0
B,11,330.32,1
B,11,332.76,0
B,11,333.76,1
B,11,334.02,0
B,11,334.71,1
B,11,337.83,0
B,11,338.96,1
B,11,344.44,0
B,11,346.97,1
B,11,350.73,0
B,11,355.27,1
B,11,355.33,0
B,11,361.14,1
B,11,361.33,0
B,11,362.09,1
B,11,363.99,0
B,11,364.2,1
B,11,365.13,0
B,11,367.53,1
B,11,370.48,0
B,11,371.8,1
B,11,372.18,0
B,11,372.38,1
B,11,373.4,0
B,11,373.41,1
B,11,374.25,0
B,11,375.32,1
B,11,376.13,0
B,11,376.83,1
B,11,378.61,0
B,11,379.87,1
B,11,380.19,0
B,11,380.27,1
B,11,381,0
B,11,381.69,1
B,11,381.87,0
B,11,381.99,1
B,11,383.19,0
B,11,383.51,1
B,11,383.72,0
B,11,389.73,1
B,11,392.85,0
B,11,393.26,1
B,11,393.27,0
B,11,394.31,1
B,11,395.18,0
B,11,395.76,1
B,11,396.46,0
B,11,400.95,1
B,11,406.3,0
B,11,408.05,1
B,11,409.1,0
B,11,413.13,1
B,11,413.22,0
B,11,417.32,1
B,11,426.41,0
B,11,427.48,1
B,11,427.85,0
B,11,432.44,1
B,11,433.07,0
B,11,437.82,1
B,11,439.83,0
B,11,441.62,1
B,11,443.41,0
B,11,443.91,1
B,11,444.63,0
B,11,447.8,1
B,11,448.26,0
B,11,449.22,1
B,11,450.28,0
B,11,450.42,1
B,11,450.73,0
B,11,456.06,1
B,11,461.37,0
B,11,466.12,1
B,11,469.12,0
B,11,469.3,1
B,11,469.86,0
B,11,477.34,1
B,11,477.64,0
B,11,478.26,1
B,11,479.01,0
B,12,0,0
B,12,0.74,1
B,12,1.12,0
B,12,2.12,1
B,12,3.26,0
B,12,6.62,1
B,12,7.2,0
B,12,8.51,1
B,12,8.91,0
B,12,10.27,1
B,12,13.16,0
B,12,13.73,1
B,12,14.17,0
B,12,14.19,1
B,12,15.3,0
B,12,15.93,1
B,12,16.02,0
B,12,16.51,1
B,12,17.29,0
B,12,17.93,1
B,12,19.48,0
B,12,19.53,1
B,12,22.95,0
B,12,23.64,1
B,12,25.26,0
B,12,26.98,1
B,12,27.43,0
B,12,34.82,1
B,12,44.27,0
B,12,47.1,1
B,12,50.09,0
B,12,50.72,1
B,12,51.26,0
B,12,56.92,1
B,12,69.31,0
B,12,69.74,1
B,12,73.5,0
B,12,73.92,1
B,12,75.97,0
B,12,80.42,1
B,12,82.85,0
B,12,83.34,1
B,12,83.76,0
B,12,84.24,1
B,12,87.23,0
B,12,88.28,1
B,12,88.98,0
B,12,100.84,1
B,12,105.06,0
B,12,108.74,1
B,12,108.94,0
B,12,109.87,1
B,12,110.31,0
B,12,113.06,1
B,12,113.23,0
B,12,116.36,1
B,12,117.36,0
B,12,118.55,1
B,12,119.44,0
B,12,124,1
B,12,126.16,0
B,12,127.34,1
B,12,128.12,0
B,12,129.97,1
B,12,132.92,0
B,12,135.82,1
B,12,135.88,0
B,12,141.05,1
B,12,141.7,0
B,12,143.6,1
B,12,145.1,0
B,12,146.75,1
B,12,156.95,0
B,12,158.19,1
B,12,159.33,0
B,12,160.29,1
B,12,170.05,0
B,12,176.28,1
B,12,176.32,0
B,12,177.09,1
B,12,189.23,0
B,12,191.35,1
B,12,192.44,0
B,12,194.44,1
B,12,196.97,0
B,12,199.45,1
B,12,200.1,0
B,12,202.41,1
B,12,202.44,0
B,12,204.77,1
B,12,205.03,0
B,12,205.04,1
B,12,206.13,0
B,12,207.25,1
B,12,207.6,0
B,12,208.81,1
B,12,209.47,0
B,12,211.59,1
B,12,220.09,0
B,12,220.39,1
B,12,221.88,0
B,12,223.4,1
B,12,224.01,0
B,12,226.08,1
B,12,226.37,0
B,12,228.29,1
B,12,229.23,0
B,12,230.35,1
B,12,230.53,0
B,12,233.13,1
B,12,236.93,0
B,12,240,1
B,12,240.42,0
B,12,246.12,1
B,12,246.58,0
B,12,248.12,1
B,12,249.5,0
B,12,249.55,1
B,12,251.25,0
B,12,252.31,1
B,12,255.16,0
B,12,256.33,1
B,12,256.52,0
B,12,261.77,1
B,12,262.26,0
B,12,262.69,1
B,12,262.78,0
B,12,265.56,1
B,12,266.25,0
B,12,268.66,1
B,12,268.95,0
B,12,269.4,1
B,12,270.47,0
B,12,271.02,1
B,12,271.54,0
B,12,276.81,1
B,12,277.34,0
B,12,277.99,1
B,12,278.67,0
B,12,284.21,1
B,12,284.43,0
B,12,285.38,1
B,12,286,0
B,12,286.16,1
B,12,286.26,0
B,12,287.65,1
B,12,288.52,0
B,12,294.12,1
B,12,294.47,0
B,12,297.4,1
B,12,298.32,0
B,12,298.77,1
B,12,299.46,0
B,12,299.7,1
B,12,299.8,0
B,12,299.83,1
B,12,301.6,0
B,12,302.11,1
B,12,304.86,0
B,12,306.82,1
B,12,314.96,0
B,12,316.56,1
B,12,317.35,0
B,12,319.46,1
B,12,323.68,0
B,12,325.92,1
B,12,326.62,0
B,12,328.75,1
B,12,328.86,0
B,12,331.84,1
B,12,332.16,0
B,12,332.23,1
B,12,334.91,0
B,12,336.03,1
B,12,338.32,0
B,12,340.16,1
B,12,340.86,0
B,12,341.18,1
B,12,342.18,0
B,12,345.63,1
B,12,354.17,0
B,12,354.63,1
B,12,367.09,0
B,12,368.17,1
B,12,369.44,0
B,12,376.23,1
B,12,376.5,0
B,12,378.12,1
B,12,378.61,0
B,12,378.85,1
B,12,382.05,0
B,12,382.71,1
B,12,386,0
B,12,388.72,1
B,12,389.87,0
B,12,390.66,1
B,12,391,0
B,12,394.22,1
B,12,394.55,0
B,12,403.28,1
B,12,404.21,0
B,12,408.28,1
B,12,408.32,0
B,12,408.85,1
B,12,409.22,0
B,12,412.84,1
B,12,416.81,0
B,12,417.04,1
B,12,418.19,0
B,12,419.17,1
B,12,421.43,0
B,12,421.96,1
B,12,423.36,0
B,12,423.84,1
B,12,424.32,0
B,12,426.48,1
B,12,427.56,0
B,12,428.26,1
B,12,429.06,0
B,12,438.65,1
B,12,438.68,0
B,12,442.77,1
B,12,443.69,0
B,12,444.23,1
B,12,446.05,0
B,12,449.34,1
B,12,450.09,0
B,12,450.7,1
B,12,451.63,0
B,12,454.36,1
B,12,455.37,0
B,12,455.94,1
B,12,457.02,0
B,12,458.29,1
B,12,459.63,0
B,12,459.74,1
B,12,459.88,0
B,12,460.27,1
B,12,464.93,0
B,12,466.86,1
B,12,467.86,0
B,12,471.47,1
B,12,477.54,0
C,1,0,0
C,1,2.38,1
C,1,2.45,0
C,1,6.82,1
C,1,48.94,0
C,1,53.74,1
C,1,54.11,0
C,1,58.8,1
C,1,60.94,0
C,1,61,1
C,1,61.32,0
C,1,62.27,1
C,1,62.34,0
C,1,64.46,1
C,1,64.75,0
C,1,65.99,1
C,1,66.77,0
C,1,68.98,1
C,1,72.15,0
C,1,72.64,1
C,1,73.41,0
C,1,76.9,1
C,1,81.32,0
C,1,82.21,1
C,1,82.57,0
C,1,88.15,1
C,1,89.62,0
C,1,91.59,1
C,1,97.98,0
C,1,98.78,1
C,1,99.05,0
C,1,101.78,1
C,1,110.34,0
C,1,112.57,1
C,1,112.79,0
C,1,112.97,1
C,1,115.17,0
C,1,116.42,1
C,1,127.06,0
C,1,128.14,1
C,1,134.72,0
C,1,137.8,1
C,1,140.91,0
C,1,145.43,1
C,1,150.26,0
C,1,154.71,1
C,1,160.28,0
C,1,160.4,1
C,1,161.82,0
C,1,168.15,1
C,1,171.56,0
C,1,172.35,1
C,1,175.19,0
C,1,175.44,1
C,1,175.57,0
C,1,176.29,1
C,1,177.9,0
C,1,179.13,1
C,1,184.45,0
C,1,185.82,1
C,1,186.14,0
C,1,187.12,1
C,1,188.17,0
C,1,188.51,1
C,1,203.3,0
C,1,204.52,1
C,1,205.05,0
C,1,205.77,1
C,1,209.61,0
C,1,212.38,1
C,1,212.88,0
C,1,215.62,1
C,1,219.89,0
C,1,222.73,1
C,1,228.74,0
C,1,228.98,1
C,1,229.71,0
C,1,232.6,1
C,1,232.85,0
C,1,233.6,1
C,1,235.96,0
C,1,240.63,1
C,1,245.01,0
C,1,247.3,1
C,1,247.86,0
C,1,248.87,1
C,1,252.86,0
C,1,255.78,1
C,1,257.64,0
C,1,258.78,1
C,1,269.11,0
C,1,273.46,1
C,1,285.36,0
C,1,286.47,1
C,1,286.51,0
C,1,290.26,1
C,1,292.22,0
C,1,292.6,1
C,1,292.69,0
C,1,293.68,1
C,1,293.8,0
C,1,294.92,1
C,1,295.66,0
C,1,295.79,1
C,1,296.29,0
C,1,296.7,1
C,1,299.14,0
C,1,299.27,1
C,1,299.84,0
C,1,300.32,1
C,1,300.71,0
C,1,305,1
C,1,306.55,0
C,1,309.13,1
C,1,336.28,0
C,1,338.03,1
C,1,343.65,0
C,1,344.31,1
C,1,350.07,0
C,1,352.53,1
C,1,356.7,0
C,1,357.49,1
C,1,386.5,0
C,1,392.6,1
C,1,393.08,0
C,1,393.78,1
C,1,398.42,0
C,1,402.67,1
C,1,402.79,0
C,1,404.88,1
C,1,416.8,0
C,1,419.92,1
C,1,427.17,0
C,1,428.86,1
C,2,0,0
C,2,0.91,1
C,2,1.2,0
C,2,1.83,1
C,2,145.79,0
C,2,146.28,1
C,2,146.51,0
C,2,148.41,1
C,2,149.34,0
C,2,149.69,1
C,2,151.97,0
C,2,154.43,1
C,2,163.56,0
C,2,165.46,1
C,2,167.97,0
C,2,168.16,1
C,2,168.68,0
C,2,170.48,1
C,2,170.82,0
C,2,171.49,1
C,2,172.99,0
C,2,177.75,1
C,2,187.83,0
C,2,190.75,1
C,2,193.3,0
C,2,193.54,1
C,2,196.5,0
C,2,197.6,1
C,2,201.54,0
C,2,209.02,1
C,2,209.33,0
C,2,210.6,1
C,2,210.63,0
C,2,211.62,1
C,2,212.67,0
C,2,214.89,1
C,2,222.55,0
C,2,229,1
C,2,232.76,0
C,2,234.05,1
C,2,238.58,0
C,2,238.96,1
C,2,239.2,0
C,2,243.42,1
C,2,243.71,0
C,2,246.36,1
C,2,248.68,0
C,2,249.08,1
C,2,264.74,0
C,2,266.54,1
C,2,266.74,0
C,2,270.84,1
C,2,278.81,0
C,2,281.52,1
C,2,282.54,0
C,2,284.54,1
C,2,285.8,0
C,2,289.03,1
C,2,289.17,0
C,2,290.13,1
C,2,290.31,0
C,2,290.49,1
C,2,291.09,0
C,2,291.09,1
C,2,301.79,0
C,2,302.97,1
C,2,307.85,0
C,2,310.09,1
C,2,311.79,0
C,2,312.62,1
C,2,343.44,0
C,2,343.53,1
C,2,345.29,0
C,2,347.01,1
C,2,353.81,0
C,2,357.54,1
C,2,362.65,0
C,2,364.65,1
C,2,437.28,0
C,2,438.26,1
C,2,440.82,0
C,2,441.09,1
C,2,458.37,0
C,2,460.03,1
C,2,463.83,0
C,2,466.89,1
C,2,470.09,0
C,2,471.11,1
C,2,471.6,0
C,3,0,0
C,3,4.3,1
C,3,8.53,0
C,3,9.41,1
C,3,22.29,0
C,3,22.57,1
C,3,22.98,0
C,3,23.07,1
C,3,23.5,0
C,3,23.86,1
C,3,24.47,0
C,3,24.53,1
C,3,26.3,0
C,3,26.7,1
C,3,28.39,0
C,3,32.13,1
C,3,197.66,0
C,3,198.43,1
C,3,226.78,0
C,3,227.65,1
C,3,231.12,0
C,3,231.33,1
C,4,0,0
C,4,0.19,1
C,4,1.99,0
C,4,3.67,1
C,4,4.26,0
C,4,4.39,1
C,4,6.11,0
C,4,6.92,1
C,4,7.83,0
C,4,11.15,1
C,4,11.75,0
C,4,12.15,1
C,4,12.66,0
C,4,21.36,1
C,4,21.8,0
C,4,22.14,1
C,4,23.24,0
C,4,24.7,1
C,4,34.13,0
C,4,36.65,1
C,4,37.67,0
C,4,41.2,1
C,4,43.44,0
C,4,48.03,1
C,4,48.43,0
C,4,51.86,1
C,4,55.32,0
C,4,56.68,1
C,4,56.76,0
C,4,57.65,1
C,4,61.83,0
C,4,63.48,1
C,4,63.87,0
C,4,64.23,1
C,4,65.91,0
C,4,66.12,1
C,4,66.16,0
C,4,66.64,1
C,4,66.77,0
C,4,67.43,1
C,4,71.08,0
C,4,75,1
C,4,75.48,0
C,4,77.04,1
C,4,78.58,0
C,4,81.2,1
C,4,87.62,0
C,4,88.04,1
C,4,89.92,0
C,4,90.34,1
C,4,90.64,0
C,4,90.88,1
C,4,92.56,0
C,4,92.63,1
C,4,102.35,0
C,4,102.99,1
C,4,108.56,0
C,4,111.73,1
C,4,207.12,0
C,4,207.67,1
C,4,210.61,0
C,4,212.54,1
C,4,238.61,0
C,4,238.93,1
C,4,239.93,0
C,4,240.98,1
C,4,329.56,0
C,4,330.46,1
C,4,330.97,0
C,4,332.03,1
C,4,337.51,0
C,4,337.75,1
C,4,338.64,0
C,4,340.8,1
C,4,352.2,0
C,4,352.97,1
C,4,354.59,0
C,4,361.34,1
C,4,362.04,0
C,4,362.29,1
C,4,363.84,0
C,4,366.51,1
C,4,376.39,0
C,4,379.45,1
C,4,379.52,0
C,4,379.78,1
C,4,380.13,0
C,4,384.4,1
C,4,384.84,0
C,4,390.33,1
C,4,421.57,0
C,4,426.35,1
C,4,431.41,0
C,4,431.62,1
C,4,432.13,0
C,4,434.43,1
C,4,439.76,0
C,4,442.96,1
C,4,444.87,0
C,4,453.21,1
C,4,453.38,0
C,4,456.36,1
C,4,467.99,0
C,4,473.38,1
C,5,0,0
C,5,3.4,1
C,5,3.57,0
C,5,4.1,1
C,5,5.89,0
C,5,6.04,1
C,5,16.48,0
C,5,17.84,1
C,5,19.25,0
C,5,19.47,1
C,5,21.48,0
C,5,24.86,1
C,5,28.47,0
C,5,34.26,1
C,6,0,0
C,6,1.71,1
C,6,2.74,0
C,6,3.16,1
C,6,3.75,0
C,6,3.77,1
C,6,4.06,0
C,6,4.67,1
C,6,5.25,0
C,6,7.07,1
C,6,7.91,0
C,6,10.13,1
C,6,11.26,0
C,6,15.08,1
C,6,22.14,0
C,6,23.18,1
C,6,23.41,0
C,6,23.44,1
C,6,23.58,0
C,6,26.17,1
C,6,32.93,0
C,6,33.92,1
C,6,34.36,0
C,6,36.74,1
C,6,39.51,0
C,6,40.77,1
C,6,49.88,0
C,6,51.06,1
C,6,65.82,0
C,6,66.3,1
C,6,67.34,0
C,6,72.59,1
C,6,73.19,0
C,6,73.72,1
C,6,124.51,0
C,6,125.03,1
C,6,125.41,0
C,6,126.44,1
C,6,127.01,0
C,6,131.98,1
C,6,132.17,0
C,6,133.54,1
C,6,137.94,0
C,6,139.74,1
C,6,147.68,0
C,6,148.03,1
C,6,155.16,0
C,6,159.43,1
C,6,172.15,0
C,6,175.13,1
C,6,175.7,0
C,6,178.16,1
C,6,276.16,0
C,6,279.32,1
C,6,279.57,0
C,6,280.52,1
C,6,282.75,0
C,6,284.49,1
C,6,301.28,0
C,6,301.81,1
C,6,302.39,0
C,6,302.98,1
C,6,303.28,0
C,6,303.34,1
C,6,312.75,0
C,6,313.29,1
C,6,315.16,0
C,6,316.07,1
C,6,320.38,0
C,6,320.62,1
C,6,325.19,0
C,6,325.38,1
C,6,327.14,0
C,6,327.48,1
C,6,328.82,0
C,6,328.92,1
C,6,328.99,0
C,6,331.77,1
C,6,331.9,0
C,6,332.64,1
C,6,333.45,0
C,6,337.51,1
C,6,339.81,0
C,6,341.36,1
C,6,362.24,0
C,6,364.34,1
C,6,364.64,0
C,6,369.45,1
C,6,470.63,0
C,6,473.95,1
C,6,473.96,0
C,6,478.11,1
C,7,0,0
C,7,0.79,1
C,7,0.93,0
C,7,1.11,1
C,7,2.05,0
C,7,2.47,1
C,7,7.38,0
C,7,7.73,1
C,7,8.71,0
C,7,9.87,1
C,7,12.34,0
C,7,13.87,1
C,7,15.07,0
C,7,16.86,1
C,7,22.23,0
C,7,22.33,1
C,7,23.02,0
C,7,23.95,1
C,7,25.86,0
C,7,27.81,1
C,7,28.07,0
C,7,33.37,1
C,7,33.48,0
C,7,34.91,1
C,7,35.26,0
C,7,40.2,1
C,7,41.81,0
C,7,46.11,1
C,7,111,0
C,7,117.86,1
C,7,125.04,0
C,7,125.07,1
C,7,127.6,0
C,7,127.75,1
C,7,128.13,0
C,7,130.02,1
C,7,138.63,0
C,7,142.84,1
C,8,0,0
C,8,2.15,1
C,8,27.35,0
C,8,30.11,1
C,8,30.14,0
C,8,31.59,1
C,8,33.76,0
C,8,35.17,1
C,8,59.94,0
C,8,61.45,1
C,8,410.27,0
C,8,410.83,1
C,9,0,0
C,9,0.7,1
C,9,3.9,0
C,9,4.97,1
C,9,5.5,0
C,9,7.93,1
C,9,8.68,0
C,9,9.08,1
C,9,10.87,0
C,9,12.22,1
C,9,15.86,0
C,9,23.94,1
C,9,33.11,0
C,9,37.66,1
C,9,37.99,0
C,9,40.62,1
C,9,40.97,0
C,9,44.38,1
C,9,46.9,0
C,9,51.67,1
C,9,52.79,0
C,9,55.43,1
C,9,55.43,0
C,9,55.64,1
C,9,56.65,0
C,9,59.32,1
C,9,60.13,0
C,9,64.86,1
C,9,65.54,0
C,9,67.98,1
C,9,68.9,0
C,9,69.64,1
C,9,71.73,0
C,9,72.84,1
C,9,73.23,0
C,9,77.64,1
C,9,77.72,0
C,9,78.7,1
C,9,79.28,0
C,9,80.92,1
C,9,82.68,0
C,9,83,1
C,9,136.23,0
C,9,137.12,1
C,9,156.6,0
C,9,157.3,1
C,9,157.47,0
C,9,160.4,1
C,9,161.15,0
C,9,164,1
C,9,164.13,0
C,9,164.2,1
C,9,167.18,0
C,9,167.43,1
C,9,168.79,0
C,9,171.96,1
C,9,172.12,0
C,9,175.87,1
C,9,238.5,0
C,9,243.25,1
C,9,251.94,0
C,9,252.03,1
C,9,268.38,0
C,9,270.9,1
C,9,271.07,0
C,9,275.21,1
C,9,277.45,0
C,9,290.06,1
C,9,290.84,0
C,9,295.31,1
C,9,298.94,0
C,9,299.18,1
C,9,305.07,0
C,9,305.28,1
C,9,305.36,0
C,9,307.71,1
C,9,309.95,0
C,9,313.71,1
C,9,329.45,0
C,9,331.26,1
C,9,340.22,0
C,9,342.86,1
C,9,343.03,0
C,9,343.51,1
C,9,345.18,0
C,9,349.76,1
C,9,395.34,0
C,9,398.1,1
C,9,398.93,0
C,9,399.33,1
C,9,414.19,0
C,9,422.06,1
C,9,424.29,0
C,9,424.45,1
C,9,471.3,0
C,9,472.89,1
C,9,473.44,0
C,9,476.66,1
C,10,0,0
C,10,2.17,1
C,10,138.76,0
C,10,144.75,1
C,10,144.96,0
C,10,148.71,1
C,10,150.87,0
C,10,151.1,1
C,10,151.62,0
C,10,152.17,1
C,10,159.98,0
C,10,163.98,1
C,10,167.22,0
C,10,171.96,1
C,10,173.06,0
C,10,173.95,1
C,10,175.48,0
C,10,180.79,1
C,10,181.37,0
C,10,182.27,1
C,10,183.59,0
C,10,185.12,1
C,10,185.2,0
C,10,187.18,1
C,10,199.06,0
C,10,199.16,1
C,10,223.87,0
C,10,224.55,1
C,10,224.79,0
C,10,225.07,1
C,10,227.65,0
C,10,232.38,1
C,10,232.45,0
C,10,232.67,1
C,10,238.88,0
C,10,240.21,1
C,10,245.52,0
C,10,248.17,1
C,10,249.53,0
C,10,252.95,1
C,10,263.73,0
C,10,265.6,1
C,10,274.89,0
C,10,275.33,1
C,10,275.67,0
C,10,276.56,1
C,10,281.63,0
C,10,282.85,1
C,10,295.06,0
C,10,295.81,1
C,10,329.57,0
C,10,331.3,1
C,10,331.38,0
C,10,333.04,1
C,10,333.35,0
C,10,335.94,1
C,10,338.04,0
C,10,347.3,1
C,10,362.34,0
C,10,363.25,1
C,10,363.44,0
C,10,365.03,1
C,10,368.76,0
C,10,369.24,1
C,10,371.8,0
C,10,375.71,1
C,10,382.43,0
C,10,383.16,1
C,10,384.26,0
C,10,384.4,1
C,11,0,0
C,11,0.47,1
C,11,2.19,0
C,11,2.24,1
C,11,10.21,0
C,11,11.83,1
C,11,13.48,0
C,11,14.02,1
C,11,17.51,0
C,11,17.62,1
C,11,18.02,0
C,11,19.56,1
C,11,23.29,0
C,11,25.71,1
C,11,26.46,0
C,11,27.01,1
C,11,35.09,0
C,11,38.36,1
C,11,85.55,0
C,11,88,1
C,11,88.04,0
C,11,92.23,1
C,11,158.63,0
C,11,161.77,1
C,11,162.13,0
C,11,162.47,1
C,11,169.73,0
C,11,170.05,1
C,11,173.4,0
C,11,174.65,1
C,11,174.88,0
C,11,177.68,1
C,11,179.63,0
C,11,183.63,1
C,11,185.5,0
C,11,185.67,1
C,11,187.1,0
C,11,187.63,1
C,11,189.88,0
C,11,193.16,1
C,11,212.59,0
C,11,217.7,1
C,11,218.88,0
C,11,220.99,1
C,11,221.59,0
C,11,223.17,1
C,11,270.33,0
C,11,270.58,1
C,11,271.77,0
C,11,274.25,1
C,11,277.91,0
C,11,280.54,1
C,11,280.55,0
C,11,280.67,1
C,11,285.02,0
C,11,286.45,1
C,11,288.73,0
C,11,291.9,1
C,11,294.07,0
C,11,295.78,1
C,11,298.29,0
C,11,301.06,1
C,11,339.13,0
C,11,339.86,1
C,11,341,0
C,11,342.41,1
C,11,342.61,0
C,11,343.44,1
C,11,344.05,0
C,11,344.23,1
C,11,435.4,0
C,11,437.36,1
C,11,442.37,0
C,11,442.84,1
C,11,444.08,0
C,11,450.83,1
C,11,450.83,0
C,11,451.54,1
C,11,455.55,0
C,11,458.67,1
C,11,461.69,0
C,11,461.85,1
C,11,463.38,0
C,11,472.04,1
C,11,473.99,0
C,11,474.33,1
C,12,0,0
C,12,6.02,1
C,12,6.24,0
C,12,12.34,1
C,12,16.32,0
C,12,16.63,1
C,12,17.55,0
C,12,20.54,1
C,12,21.92,0
C,12,25.31,1
C,12,25.64,0
C,12,26.01,1
C,12,28.48,0
C,12,29,1
C,12,29.63,0
C,12,31.83,1
C,12,40.34,0
C,12,40.58,1
C,12,40.77,0
C,12,46.68,1
C,12,50.69,0
C,12,51.53,1
C,12,52.82,0
C,12,55.87,1
C,12,56.71,0
C,12,57.79,1
C,12,66.77,0
C,12,67.18,1
C,12,81.72,0
C,12,82.74,1
C,12,85.54,0
C,12,87.22,1
C,12,88.71,0
C,12,89.46,1
C,12,91.84,0
C,12,91.89,1
C,12,92,0
C,12,92.74,1
C,12,93.41,0
C,12,98.55,1
C,12,157.49,0
C,12,160.77,1
C,12,269.34,0
C,12,271.37,1
C,12,272.39,0
C,12,272.73,1
C,12,273.42,0
C,12,273.62,1
C,12,471.92,0
C,12,475.03,1
C,12,479.52,0
